,0
65238.0,88.0
5329150.0,87.0
442504.0,87.0
92577.0,86.0
16195554.0,86.0
16747776.0,86.0
46854655.0,86.0
16656440.0,86.0
46871935.0,86.0
6438389.0,86.0
5312120.0,86.0
1287.0,86.0
5481756.0,86.0
10455173.0,10.0
24797083.0,86.0
20056625.0,86.0
9934458.0,85.0
54708532.0,85.0
6450819.0,85.0
1361334.0,85.0
49867926.0,85.0
166558.0,85.0
1987175.0,85.0
52939724.0,85.0
1261822.0,85.0
9889522.0,85.0
66577055.0,85.0
44627267.0,85.0
4235339.0,85.0
66552906.0,85.0
135565181.0,85.0
72188643.0,85.0
16122583.0,85.0
72165188.0,85.0
73672447.0,85.0
45102710.0,85.0
11599836.0,85.0
9864378.0,85.0
44473151.0,85.0
134828009.0,85.0
124080445.0,85.0
21677748.0,85.0
101277343.0,85.0
3032411.0,85.0
134828000.0,85.0
5482316.0,85.0
137276863.0,85.0
78121247.0,85.0
12110448.0,85.0
3392731.0,84.0
5803.0,84.0
133053827.0,84.0
68414868.0,84.0
44566108.0,84.0
445091.0,84.0
44402523.0,84.0
46240292.0,84.0
56599306.0,84.0
60923.0,84.0
45783058.0,84.0
24748204.0,84.0
53338167.0,84.0
53364510.0,84.0
23602075.0,84.0
49783953.0,84.0
16760291.0,84.0
75299874.0,84.0
53394059.0,84.0
54728414.0,84.0
134827993.0,84.0
11757702.0,84.0
57332561.0,84.0
11420157.0,84.0
73441609.0,84.0
137276861.0,84.0
134827964.0,84.0
134827962.0,84.0
91884783.0,84.0
10094345.0,83.0
10195250.0,83.0
53483920.0,83.0
5461634.0,83.0
1880.0,83.0
134827953.0,83.0
44237956.0,10.0
134827943.0,83.0
91799707.0,83.0
9803242.0,82.0
91895223.0,82.0
12780142.0,82.0
21582644.0,82.0
10763962.0,82.0
6483648.0,82.0
5316430.0,10.0
134827968.0,82.0
134828030.0,82.0
137276862.0,82.0
134827985.0,82.0
9873674.0,82.0
6918328.0,82.0
134828025.0,82.0
50900234.0,82.0
102516048.0,81.0
54704283.0,81.0
134828031.0,81.0
20056614.0,67.0
10747094.0,66.0
10229498.0,64.0
44476535.0,64.0
64971.0,64.0
11633740.0,63.0
134827950.0,63.0
134828020.0,62.0
134827987.0,62.0
3002143.0,0.0
134827989.0,60.0
44715348.0,48.0
133053852.0,45.0
45782944.0,45.0
9875131.0,44.0
49852229.0,44.0
49846579.0,44.0
52936292.0,44.0
78357819.0,44.0
75528896.0,44.0
23786438.0,44.0
56776316.0,44.0
60208891.0,44.0
5819.0,43.0
5081913.0,43.0
23757062.0,43.0
127030712.0,43.0
70701426.0,43.0
127019.0,43.0
45102612.0,43.0
998021.0,43.0
75411970.0,43.0
56776325.0,43.0
45359203.0,43.0
71694438.0,43.0
45359160.0,43.0
45359811.0,43.0
9819225.0,43.0
102571594.0,43.0
75528774.0,43.0
51136440.0,43.0
71694424.0,43.0
45359849.0,43.0
135533054.0,43.0
11750568.0,43.0
10114.0,42.0
164676.0,42.0
104842.0,42.0
23900015.0,42.0
24096429.0,42.0
3922.0,42.0
5312130.0,42.0
54685215.0,42.0
11071046.0,0.0
71533725.0,42.0
4332683.0,42.0
11577204.0,42.0
25017320.0,42.0
10274777.0,42.0
53387035.0,42.0
45359177.0,42.0
51136314.0,42.0
6451122.0,42.0
56776222.0,42.0
45359340.0,42.0
56776223.0,42.0
110062415.0,42.0
75528895.0,42.0
11228694.0,42.0
75528935.0,42.0
45360241.0,42.0
57509336.0,42.0
14239484.0,42.0
51136557.0,42.0
6438552.0,42.0
14191232.0,42.0
24175348.0,42.0
602765.0,42.0
9934519.0,42.0
75368734.0,42.0
53463559.0,42.0
13962928.0,42.0
45360003.0,42.0
102571654.0,42.0
102571641.0,42.0
9809368.0,42.0
9909190.0,42.0
44157038.0,42.0
67207673.0,42.0
9996409.0,42.0
4091799.0,42.0
25174437.0,42.0
5280637.0,42.0
122385860.0,42.0
134828011.0,42.0
44558994.0,42.0
97226.0,41.0
6536972.0,41.0
11249248.0,41.0
73427517.0,41.0
1791111.0,41.0
135413557.0,41.0
24800940.0,41.0
9954236.0,41.0
23786300.0,41.0
44601730.0,41.0
45782783.0,41.0
75368798.0,41.0
92783.0,41.0
14733728.0,41.0
137248660.0,41.0
14562693.0,41.0
100625246.0,41.0
445455.0,41.0
448942.0,41.0
25110544.0,41.0
23648867.0,41.0
51355147.0,41.0
394397.0,41.0
25025298.0,41.0
24765256.0,41.0
134827965.0,41.0
134828039.0,41.0
134827958.0,41.0
134827945.0,41.0
71452522.0,41.0
134828042.0,41.0
134828028.0,41.0
124052.0,41.0
15560577.0,41.0
134827991.0,41.0
10038339.0,41.0
14413056.0,41.0
135929552.0,41.0
134827960.0,41.0
71761758.0,41.0
134828049.0,41.0
5320315.0,41.0
134827957.0,41.0
71517121.0,41.0
45272307.0,41.0
370.0,41.0
12132773.0,41.0
11729855.0,41.0
5316673.0,41.0
6442393.0,41.0
134828033.0,41.0
73659.0,41.0
134827976.0,41.0
5281605.0,41.0
5281614.0,41.0
10741001.0,41.0
134828007.0,41.0
10386173.0,41.0
134828014.0,41.0
76181214.0,41.0
134828048.0,41.0
10503181.0,41.0
97042256.0,41.0
134827996.0,41.0
12444634.0,41.0
134828043.0,41.0
158566.0,41.0
134828021.0,41.0
44543721.0,41.0
44715282.0,10.0
135927203.0,41.0
134828015.0,41.0
639644.0,41.0
134827975.0,41.0
134828035.0,41.0
134828004.0,41.0
14139558.0,41.0
134827986.0,41.0
134827990.0,41.0
11824249.0,41.0
134828037.0,41.0
134827984.0,41.0
134828026.0,41.0
44575409.0,41.0
134827994.0,41.0
134828040.0,41.0
134828005.0,41.0
134828008.0,41.0
12303262.0,41.0
13819728.0,41.0
44543738.0,41.0
134828027.0,41.0
53392810.0,41.0
5484735.0,10.0
114917.0,40.0
16048654.0,40.0
9913767.0,40.0
3103157.0,40.0
75368772.0,40.0
45359512.0,40.0
129716126.0,40.0
134828017.0,40.0
134828032.0,40.0
134827963.0,40.0
134828047.0,40.0
134828045.0,40.0
134827998.0,40.0
14079439.0,40.0
66549226.0,40.0
124080638.0,40.0
11719358.0,40.0
5490298.0,40.0
132471261.0,40.0
9936153.0,40.0
122105.0,40.0
126970753.0,40.0
102146815.0,40.0
44450228.0,40.0
11178318.0,40.0
134827999.0,40.0
70789336.0,40.0
44593673.0,40.0
11977938.0,24.0
3778105.0,24.0
46931017.0,24.0
71696573.0,24.0
8549.0,23.0
82146.0,23.0
24978538.0,23.0
9868580.0,23.0
10314719.0,23.0
46934289.0,23.0
45359771.0,23.0
45360078.0,23.0
10440875.0,23.0
4209683.0,23.0
44556044.0,23.0
57971750.0,23.0
9872609.0,23.0
11398034.0,23.0
134828003.0,23.0
23815406.0,22.0
23846529.0,22.0
52912189.0,22.0
45359621.0,22.0
53239854.0,22.0
24808572.0,22.0
51136553.0,22.0
56776202.0,22.0
75528852.0,22.0
110062435.0,22.0
56776364.0,22.0
75528929.0,22.0
45359812.0,22.0
57509360.0,22.0
9821787.0,22.0
46228957.0,22.0
54210200.0,22.0
136173253.0,22.0
16218979.0,22.0
60700.0,21.0
91610.0,21.0
24867454.0,21.0
5287792.0,21.0
12315418.0,21.0
23928130.0,21.0
184984.0,21.0
441328.0,21.0
12002015.0,21.0
23757247.0,21.0
68591.0,21.0
25150014.0,21.0
24739943.0,21.0
11712649.0,21.0
25145656.0,21.0
44462760.0,21.0
9801969.0,21.0
6675804.0,21.0
23955805.0,21.0
45359563.0,21.0
656954.0,21.0
10350459.0,21.0
60060286.0,21.0
46213949.0,21.0
24952929.0,21.0
51136337.0,21.0
75368756.0,21.0
75368727.0,21.0
51136356.0,21.0
136268314.0,21.0
45783083.0,21.0
75528858.0,21.0
56776250.0,21.0
45782994.0,21.0
75412006.0,21.0
133053878.0,21.0
14427336.0,21.0
45360204.0,21.0
57509447.0,21.0
56776181.0,21.0
57509319.0,21.0
75368819.0,21.0
75528928.0,21.0
45783238.0,21.0
56776186.0,21.0
57509422.0,21.0
73088450.0,21.0
45359535.0,21.0
23872145.0,21.0
480777.0,21.0
25018670.0,21.0
75528899.0,21.0
75536016.0,21.0
11256720.0,21.0
68853159.0,21.0
52936849.0,21.0
11965767.0,21.0
60026.0,21.0
23649325.0,21.0
53326156.0,21.0
24756702.0,21.0
72706837.0,21.0
105074.0,21.0
136239906.0,21.0
9971251.0,21.0
10343454.0,21.0
6603874.0,21.0
134827944.0,21.0
71507777.0,21.0
301757.0,21.0
11740730.0,21.0
5392245.0,21.0
12309204.0,21.0
662.0,21.0
134827974.0,21.0
134828022.0,21.0
1889.0,21.0
134827969.0,21.0
442279.0,21.0
53261448.0,21.0
6436831.0,21.0
134827941.0,21.0
24894609.0,21.0
132942364.0,21.0
134827982.0,21.0
134828012.0,21.0
5316904.0,21.0
52918260.0,21.0
20485.0,21.0
124201666.0,21.0
53242986.0,21.0
44543724.0,21.0
56946881.0,21.0
134827967.0,21.0
98912.0,21.0
253955.0,21.0
73265302.0,20.0
23663963.0,20.0
119175.0,20.0
24771867.0,0.0
45359408.0,20.0
25064137.0,20.0
12445011.0,20.0
12443235.0,20.0
100332.0,20.0
57509469.0,20.0
57509430.0,20.0
5315645.0,20.0
9843028.0,20.0
136237316.0,20.0
16741475.0,20.0
6438399.0,20.0
13917677.0,20.0
71449713.0,20.0
21123718.0,20.0
11508953.0,20.0
134828046.0,20.0
470261.0,20.0
11791469.0,20.0
7093249.0,20.0
624831.0,20.0
165506.0,20.0
134828044.0,20.0
134828041.0,20.0
21608802.0,20.0
10455790.0,10.0
133264.0,10.0
23684123.0,10.0
60021.0,10.0
15004.0,10.0
4474062.0,10.0
4194514.0,10.0
5694.0,10.0
5155.0,10.0
446378.0,10.0
442614.0,10.0
8593.0,10.0
457964.0,10.0
2000.0,10.0
2581.0,10.0
167963.0,10.0
115269.0,10.0
5353634.0,10.0
24771777.0,10.0
9969021.0,10.0
216345.0,10.0
9549297.0,10.0
9403.0,10.0
2787.0,10.0
216239.0,10.0
5484735.0,10.0
11595431.0,10.0
10357584.0,10.0
23872147.0,10.0
23900000.0,10.0
5315483.0,10.0
442435.0,10.0
16196970.0,10.0
23843930.0,10.0
6451074.0,10.0
14137704.0,10.0
23757175.0,10.0
16745396.0,10.0
23874480.0,10.0
23930356.0,10.0
23760094.0,10.0
5316430.0,10.0
23844050.0,10.0
10407821.0,10.0
23955871.0,10.0
23815374.0,10.0
23786400.0,10.0
119205.0,10.0
11156036.0,10.0
23786420.0,10.0
23786282.0,10.0
159014.0,10.0
11166301.0,10.0
10549806.0,10.0
24069167.0,10.0
23843967.0,10.0
188977.0,10.0
6426742.0,10.0
23757202.0,10.0
24041587.0,10.0
16655077.0,10.0
23983709.0,10.0
24871106.0,10.0
24094076.0,10.0
23928006.0,10.0
23815265.0,10.0
23844029.0,10.0
12310342.0,10.0
23757244.0,10.0
23844089.0,10.0
151166.0,10.0
10798271.0,10.0
5287855.0,10.0
11977753.0,10.0
6918454.0,10.0
10206158.0,10.0
9803963.0,10.0
11634725.0,10.0
92123.0,10.0
480860.0,10.0
133021.0,10.0
5282350.0,10.0
53317853.0,10.0
57519517.0,10.0
2836187.0,10.0
46943432.0,10.0
619101.0,10.0
2455.0,10.0
9820008.0,10.0
9867642.0,10.0
9826188.0,10.0
24864821.0,10.0
16202152.0,10.0
16678941.0,10.0
25099184.0,10.0
119034.0,10.0
11978790.0,10.0
11440648.0,10.0
10339779.0,10.0
59397065.0,10.0
25265312.0,10.0
133053853.0,10.0
24094148.0,10.0
44237956.0,10.0
13857524.0,10.0
45359586.0,10.0
11709595.0,10.0
13250758.0,10.0
45359609.0,10.0
71299339.0,10.0
56963315.0,10.0
57379345.0,10.0
25227847.0,10.0
10276451.0,10.0
56593118.0,10.0
5282337.0,10.0
4695397.0,10.0
11420211.0,10.0
11245456.0,10.0
6433122.0,10.0
25138295.0,10.0
6918542.0,10.0
24882669.0,10.0
9912381.0,10.0
1048267.0,10.0
1074953.0,10.0
3164070.0,10.0
11663667.0,10.0
11618368.0,10.0
10186367.0,10.0
11289644.0,10.0
23633604.0,10.0
6918649.0,10.0
2750328.0,10.0
51033997.0,10.0
159594.0,10.0
9917079.0,10.0
130904.0,10.0
45138674.0,10.0
180496.0,10.0
24946690.0,10.0
9871419.0,10.0
9912992.0,10.0
25103689.0,10.0
10310100.0,10.0
54682461.0,10.0
53377448.0,10.0
53242268.0,10.0
71656520.0,10.0
45359320.0,10.0
9993091.0,10.0
45360146.0,10.0
51136327.0,10.0
75411948.0,10.0
45359195.0,10.0
44715648.0,10.0
57503920.0,10.0
16081697.0,10.0
45360253.0,10.0
5318045.0,10.0
44715587.0,10.0
45783077.0,10.0
57509425.0,10.0
75368717.0,10.0
45359499.0,10.0
24150651.0,10.0
51136545.0,10.0
14704521.0,10.0
23872119.0,10.0
51136439.0,10.0
23757100.0,10.0
51136595.0,10.0
56776185.0,10.0
57509321.0,10.0
57509414.0,10.0
75368758.0,10.0
57503893.0,10.0
45360089.0,10.0
38358434.0,10.0
6438770.0,10.0
45782899.0,10.0
45359416.0,10.0
194564.0,10.0
44715452.0,10.0
57509448.0,10.0
133053828.0,10.0
45783047.0,10.0
75411912.0,10.0
45359872.0,10.0
23872104.0,10.0
51136423.0,10.0
133053867.0,10.0
75411900.0,10.0
110062420.0,10.0
44715454.0,10.0
23815373.0,10.0
10340820.0,10.0
10882011.0,10.0
71694419.0,10.0
51136449.0,10.0
16745274.0,10.0
95223113.0,10.0
51136321.0,10.0
98050906.0,10.0
9911823.0,10.0
60208854.0,10.0
45359410.0,10.0
102571585.0,10.0
53474390.0,10.0
75528845.0,10.0
45360217.0,10.0
45359668.0,10.0
23874500.0,10.0
75528782.0,10.0
45782853.0,10.0
163560.0,10.0
45782750.0,10.0
44715282.0,10.0
56776174.0,10.0
71694407.0,10.0
75536005.0,10.0
75411935.0,10.0
51136259.0,10.0
75528777.0,10.0
45359178.0,10.0
54738507.0,10.0
102571573.0,10.0
45782751.0,10.0
38355912.0,10.0
51136419.0,10.0
21629648.0,10.0
45360090.0,10.0
45360079.0,10.0
45359255.0,10.0
3481851.0,10.0
45359303.0,10.0
9826528.0,10.0
70679466.0,10.0
9995890.0,10.0
73265341.0,10.0
10044441.0,10.0
5933650.0,10.0
5316084.0,10.0
75528798.0,10.0
110062442.0,10.0
51136401.0,10.0
24121293.0,10.0
51136591.0,10.0
56776207.0,10.0
57509345.0,10.0
9945785.0,10.0
25225302.0,10.0
15236159.0,10.0
75411955.0,10.0
120709.0,10.0
75528898.0,10.0
75528900.0,10.0
71694406.0,10.0
45783079.0,10.0
3837569.0,10.0
11190157.0,10.0
44715202.0,10.0
52952568.0,10.0
44715421.0,10.0
51136585.0,10.0
56776192.0,10.0
3394278.0,10.0
57509445.0,10.0
57509449.0,10.0
14021268.0,10.0
75368716.0,10.0
23815273.0,10.0
119112.0,10.0
5470020.0,10.0
3084295.0,10.0
56776366.0,10.0
92735.0,10.0
60208868.0,10.0
5281759.0,10.0
38358916.0,10.0
45360160.0,10.0
75368725.0,10.0
110062444.0,10.0
45360346.0,10.0
95224757.0,10.0
45360167.0,10.0
45359677.0,10.0
14138841.0,10.0
331391.0,10.0
56776351.0,10.0
13966127.0,10.0
45359971.0,10.0
5185849.0,10.0
45360205.0,10.0
133053847.0,10.0
121515.0,10.0
25040420.0,10.0
101565496.0,10.0
10455173.0,10.0
23900083.0,10.0
56776281.0,10.0
133053868.0,10.0
22019312.0,10.0
4365980.0,10.0
24801244.0,10.0
95223199.0,10.0
56776298.0,10.0
110281993.0,10.0
60208905.0,10.0
11560275.0,10.0
3081016.0,10.0
73832277.0,10.0
56776171.0,10.0
9799386.0,10.0
45782928.0,10.0
56776360.0,10.0
56776180.0,10.0
14632997.0,10.0
14033762.0,10.0
60208881.0,10.0
197721.0,10.0
14262763.0,10.0
38356337.0,10.0
196831.0,10.0
56773912.0,10.0
24066894.0,10.0
14864259.0,10.0
12000883.0,10.0
23844030.0,10.0
45783017.0,10.0
56776408.0,10.0
133053822.0,10.0
75411947.0,10.0
75411977.0,10.0
24011682.0,10.0
56776241.0,10.0
75368759.0,10.0
75368733.0,10.0
75368813.0,10.0
75411951.0,10.0
75411971.0,10.0
11968788.0,10.0
126216.0,10.0
57525107.0,10.0
133053862.0,10.0
75528891.0,10.0
60208835.0,10.0
26121421.0,10.0
13995530.0,10.0
45360307.0,10.0
284995.0,10.0
21637592.0,10.0
24011645.0,10.0
442799.0,10.0
14632885.0,10.0
45782804.0,10.0
92846298.0,10.0
102571653.0,10.0
44559107.0,10.0
102571683.0,10.0
44445554.0,10.0
6419708.0,10.0
24798764.0,10.0
46887681.0,10.0
5283820.0,10.0
44424838.0,10.0
6918540.0,10.0
66553156.0,10.0
16007367.0,10.0
439487.0,10.0
46174142.0,10.0
11462174.0,10.0
25209788.0,10.0
57682490.0,10.0
73555129.0,10.0
992586.0,10.0
46886975.0,10.0
11560249.0,10.0
131664.0,10.0
42628077.0,10.0
9832687.0,10.0
49766530.0,10.0
10298385.0,10.0
59634741.0,10.0
57342036.0,10.0
53344620.0,10.0
24894064.0,10.0
68279301.0,10.0
46943339.0,10.0
50919367.0,10.0
135468531.0,10.0
46937430.0,10.0
2843133.0,10.0
1386351.0,10.0
9549300.0,10.0
11703284.0,10.0
6419762.0,10.0
58573469.0,10.0
644335.0,10.0
44156921.0,10.0
53396339.0,10.0
3223.0,10.0
7345532.0,10.0
7593228.0,10.0
9913498.0,10.0
21592210.0,10.0
72716071.0,10.0
135483437.0,10.0
5231054.0,10.0
4547.0,10.0
16047026.0,10.0
70934541.0,10.0
72022.0,10.0
135761774.0,10.0
76525291.0,10.0
22052291.0,10.0
25181577.0,10.0
9958543.0,10.0
45276387.0,10.0
70678981.0,10.0
50898538.0,10.0
11285002.0,10.0
8087347.0,10.0
11483970.0,10.0
60202556.0,10.0
59547990.0,10.0
4785700.0,10.0
59548184.0,10.0
1100216.0,10.0
878151.0,10.0
3860640.0,10.0
23669.0,10.0
133053881.0,10.0
92044400.0,10.0
7518316.0,10.0
135511704.0,10.0
133053873.0,10.0
11545682.0,10.0
11191162.0,10.0
71718072.0,10.0
3113922.0,10.0
137247190.0,10.0
16220061.0,10.0
9803245.0,10.0
25108642.0,10.0
10434225.0,10.0
135433495.0,10.0
137247191.0,10.0
53320361.0,10.0
5492271.0,10.0
246940.0,10.0
72200252.0,10.0
67121842.0,10.0
60148655.0,10.0
133053895.0,10.0
443688.0,10.0
21140476.0,0.0
932.0,10.0
134827947.0,10.0
5500298.0,10.0
6438496.0,10.0
5280805.0,10.0
16395894.0,10.0
398937.0,10.0
3083909.0,10.0
21669396.0,10.0
46849639.0,10.0
5281703.0,10.0
134827983.0,10.0
102441802.0,10.0
134827966.0,10.0
14314508.0,10.0
12742404.0,10.0
135419370.0,10.0
134827981.0,10.0
102441807.0,10.0
102441806.0,10.0
45112410.0,10.0
21589082.0,10.0
638024.0,0.0
134827970.0,10.0
101965701.0,10.0
134828010.0,10.0
11769676.0,10.0
134827956.0,10.0
44543743.0,10.0
132582339.0,10.0
134827971.0,10.0
101011023.0,10.0
71502738.0,10.0
134828036.0,10.0
134828018.0,10.0
44543729.0,10.0
134827948.0,10.0
161532.0,10.0
124201669.0,10.0
134828001.0,10.0
134828038.0,10.0
70789332.0,10.0
23654361.0,10.0
10979572.0,10.0
53231603.0,10.0
5351130.0,10.0
44543740.0,10.0
134827942.0,10.0
132430.0,10.0
15214986.0,10.0
134828023.0,10.0
11008793.0,10.0
44543745.0,10.0
44543726.0,10.0
14239577.0,10.0
5381458.0,10.0
21769900.0,10.0
134827973.0,10.0
53231603.0,10.0
25258999.0,10.0
216237.0,0.0
60810.0,0.0
44341401.0,0.0
151173.0,0.0
57519528.0,0.0
10158562.0,0.0
25105690.0,0.0
53484170.0,0.0
9829162.0,0.0
45279469.0,0.0
24771867.0,0.0
60196335.0,0.0
3047798.0,0.0
10251042.0,0.0
5282215.0,0.0
27891.0,0.0
4783.0,0.0
210301.0,0.0
6918126.0,0.0
9811353.0,0.0
132916.0,0.0
185457.0,0.0
1999.0,0.0
125564.0,0.0
10133071.0,0.0
26602.0,0.0
5282203.0,0.0
72004.0,0.0
3309.0,0.0
5282450.0,0.0
6918106.0,0.0
65870.0,0.0
127998.0,0.0
129319.0,0.0
3045414.0,0.0
65953.0,0.0
443947.0,0.0
164486.0,0.0
20749.0,0.0
19596.0,0.0
34051.0,0.0
129991.0,0.0
5464257.0,0.0
71793.0,0.0
5311398.0,0.0
33176.0,0.0
9570475.0,0.0
35751.0,0.0
65394.0,0.0
34870.0,0.0
53359.0,0.0
27901.0,0.0
91273.0,0.0
31473.0,0.0
26391.0,0.0
3489.0,0.0
4921.0,0.0
66067.0,0.0
4047.0,0.0
20056549.0,0.0
4257.0,0.0
688576.0,0.0
208836.0,0.0
3300.0,0.0
32995.0,0.0
164072.0,0.0
71837.0,0.0
2461.0,0.0
198695.0,0.0
198707.0,0.0
46926062.0,0.0
17571905.0,0.0
57703712.0,0.0
42647289.0,0.0
46933992.0,0.0
16666332.0,0.0
9804991.0,0.0
71550931.0,0.0
73265219.0,0.0
52948550.0,0.0
73265278.0,0.0
136257950.0,0.0
5284632.0,0.0
15057856.0,0.0
60060499.0,0.0
11248978.0,0.0
58221879.0,0.0
656628.0,0.0
73265416.0,0.0
16760041.0,0.0
654375.0,0.0
1243561.0,0.0
700148.0,0.0
2252413.0,0.0
743799.0,0.0
846995.0,0.0
5030588.0,0.0
239596.0,0.0
494061.0,0.0
293603.0,0.0
265249.0,0.0
275903.0,0.0
323701.0,0.0
4614.0,0.0
336423.0,0.0
2170.0,0.0
70547.0,0.0
444.0,0.0
2419.0,0.0
2376.0,0.0
3654103.0,0.0
2691.0,0.0
2727.0,0.0
2782.0,0.0
2719.0,0.0
2771.0,0.0
2993.0,0.0
3114.0,0.0
3348.0,0.0
3488.0,0.0
6603857.0,0.0
144.0,0.0
161930.0,0.0
3869.0,0.0
4168.0,0.0
4011.0,0.0
4636.0,0.0
4828.0,0.0
4740.0,0.0
16362.0,0.0
4761.0,0.0
4913.0,0.0
237.0,0.0
2866.0,0.0
65752.0,0.0
3035905.0,0.0
2051.0,0.0
4666.0,0.0
5639.0,0.0
5684.0,0.0
3003565.0,0.0
3797.0,0.0
9552079.0,0.0
5340.0,0.0
6760.0,0.0
3038.0,0.0
2335.0,0.0
12555.0,0.0
6726.0,0.0
3168.0,0.0
15443.0,0.0
2200.0,0.0
4633.0,0.0
133053818.0,0.0
35375.0,0.0
6436187.0,0.0
9651.0,0.0
648601.0,0.0
6029.0,0.0
1548943.0,0.0
47811.0,0.0
10237.0,0.0
439501.0,0.0
5282230.0,0.0
3746.0,0.0
4021.0,0.0
3169.0,0.0
660311.0,0.0
3822.0,0.0
40468194.0,0.0
222757.0,0.0
46835353.0,0.0
133053858.0,0.0
16490.0,0.0
657237.0,0.0
5834.0,0.0
6279.0,0.0
236702.0,0.0
6426740.0,0.0
6426740.0,0.0
6925666.0,0.0
21680710.0,0.0
53232.0,0.0
123664.0,0.0
5388973.0,0.0
657380.0,0.0
3689.0,0.0
6473881.0,0.0
2396.0,0.0
123924.0,0.0
688272.0,0.0
3086599.0,0.0
441276.0,0.0
8969.0,0.0
3034756.0,0.0
3549.0,0.0
3549.0,0.0
448991.0,0.0
64981.0,0.0
105008.0,0.0
36339.0,0.0
795044.0,0.0
2888648.0,0.0
2724385.0,0.0
9880.0,0.0
6466.0,0.0
30231.0,0.0
5770.0,0.0
2662.0,0.0
5281565.0,0.0
6537505.0,0.0
6537490.0,0.0
6878030.0,0.0
753704.0,0.0
65399.0,0.0
6303.0,0.0
9795278.0,0.0
2828334.0,0.0
5280754.0,0.0
5881.0,0.0
4712.0,0.0
5983.0,0.0
6714010.0,0.0
6714010.0,0.0
638024.0,0.0
4450.0,0.0
5090.0,0.0
5650.0,0.0
100768.0,0.0
5375083.0,0.0
135398641.0,0.0
135398635.0,0.0
5280794.0,0.0
439503.0,0.0
441302.0,0.0
441207.0,0.0
50942.0,0.0
6602485.0,0.0
21800.0,0.0
123631.0,0.0
5291.0,0.0
60823.0,0.0
5362440.0,0.0
392622.0,0.0
92253.0,0.0
3652.0,0.0
2893.0,0.0
447912.0,0.0
374536.0,0.0
9914412.0,0.0
65944.0,0.0
60605.0,0.0
10206.0,0.0
5459308.0,0.0
12073157.0,0.0
9820526.0,0.0
688042.0,0.0
11644425.0,0.0
44259.0,0.0
442530.0,0.0
444732.0,0.0
16759612.0,0.0
446916.0,0.0
10177.0,0.0
2049.0,0.0
6610243.0,0.0
107985.0,0.0
6436223.0,0.0
3501.0,0.0
442972.0,0.0
151289.0,0.0
929262.0,0.0
5708351.0,0.0
5084.0,0.0
8617.0,0.0
36314.0,0.0
1548955.0,0.0
3949.0,0.0
446596.0,0.0
5281037.0,0.0
135398508.0,0.0
176870.0,0.0
3037209.0,0.0
10141893.0,0.0
6605258.0,0.0
4908365.0,0.0
4261.0,0.0
33630.0,0.0
210332.0,0.0
4124851.0,0.0
9270.0,0.0
37907.0,0.0
65663.0,0.0
3245.0,0.0
4121.0,0.0
656511.0,0.0
2541.0,0.0
208908.0,0.0
3081361.0,0.0
6918289.0,0.0
123879.0,0.0
11082908.0,0.0
123814.0,0.0
9839311.0,0.0
9549298.0,0.0
197810.0,0.0
2375.0,0.0
5311.0,0.0
9840076.0,0.0
1029232.0,0.0
5494449.0,0.0
9908783.0,0.0
11219835.0,0.0
6320437.0,0.0
60750.0,0.0
9548612.0,0.0
10452040.0,0.0
10789705.0,0.0
72326.0,0.0
23928096.0,0.0
23872105.0,0.0
23928055.0,0.0
3010929.0,0.0
23900059.0,0.0
23958150.0,0.0
24094129.0,0.0
23815429.0,0.0
23983652.0,0.0
10096940.0,0.0
119093.0,0.0
24121275.0,0.0
23900054.0,0.0
442416.0,0.0
23815301.0,0.0
23928031.0,0.0
23757051.0,0.0
14048611.0,0.0
23900096.0,0.0
10471692.0,0.0
54678599.0,0.0
23843909.0,0.0
23983741.0,0.0
444679.0,0.0
14263159.0,0.0
23844036.0,0.0
23872110.0,0.0
23843975.0,0.0
24011644.0,0.0
540288.0,0.0
23928101.0,0.0
23757185.0,0.0
23815381.0,0.0
13259919.0,0.0
13855800.0,0.0
23844045.0,0.0
14033815.0,0.0
23874473.0,0.0
24011650.0,0.0
21603201.0,0.0
10133609.0,0.0
442432.0,0.0
23815408.0,0.0
120639.0,0.0
23983715.0,0.0
10220256.0,0.0
23786390.0,0.0
23955789.0,0.0
13895712.0,0.0
23928137.0,0.0
23843961.0,0.0
23955795.0,0.0
10516994.0,0.0
9978650.0,0.0
23955811.0,0.0
24148522.0,0.0
5316704.0,0.0
23872142.0,0.0
13892722.0,0.0
98363.0,0.0
14314904.0,0.0
11997642.0,0.0
23958152.0,0.0
5281544.0,0.0
15699875.0,0.0
14263156.0,0.0
21634938.0,0.0
23815303.0,0.0
16681741.0,0.0
24039358.0,0.0
23757182.0,0.0
23815370.0,0.0
442249.0,0.0
23757095.0,0.0
23815368.0,0.0
23757190.0,0.0
3002143.0,0.0
23928022.0,0.0
23955896.0,0.0
10333020.0,0.0
159278.0,0.0
23872115.0,0.0
23844039.0,0.0
23872044.0,0.0
23899981.0,0.0
23983650.0,0.0
23928114.0,0.0
73525.0,0.0
23986014.0,0.0
23786417.0,0.0
24066885.0,0.0
23930357.0,0.0
23846524.0,0.0
23955877.0,0.0
92503.0,0.0
23786308.0,0.0
11464346.0,0.0
3565209.0,0.0
13818797.0,0.0
6443034.0,0.0
23757194.0,0.0
23844016.0,0.0
23757050.0,0.0
23846522.0,0.0
23786403.0,0.0
23928104.0,0.0
24868421.0,0.0
23789027.0,0.0
23928044.0,0.0
23900079.0,0.0
9840292.0,0.0
24069140.0,0.0
23983721.0,0.0
569674.0,0.0
23815379.0,0.0
23757110.0,0.0
20055915.0,0.0
23983723.0,0.0
3829741.0,0.0
23955908.0,0.0
10242.0,0.0
23928151.0,0.0
9848024.0,0.0
16745401.0,0.0
24011663.0,0.0
23757167.0,0.0
24094130.0,0.0
100058.0,0.0
10412554.0,0.0
441853.0,0.0
23955894.0,0.0
100528.0,0.0
23900097.0,0.0
23983724.0,0.0
11472669.0,0.0
16757192.0,0.0
6712564.0,0.0
24011671.0,0.0
11289099.0,0.0
20054931.0,0.0
9980845.0,0.0
23928125.0,0.0
23757115.0,0.0
23899997.0,0.0
9832120.0,0.0
5351523.0,0.0
21592256.0,0.0
23757231.0,0.0
23844061.0,0.0
10346314.0,0.0
24094137.0,0.0
5319332.0,0.0
23844052.0,0.0
23757073.0,0.0
23844067.0,0.0
10359257.0,0.0
23815383.0,0.0
443327.0,0.0
16681750.0,0.0
5281716.0,0.0
164648.0,0.0
14707004.0,0.0
4583839.0,0.0
9842429.0,0.0
23899974.0,0.0
21634412.0,0.0
23786269.0,0.0
14807325.0,0.0
11322609.0,0.0
14059029.0,0.0
5088391.0,0.0
24011611.0,0.0
13919623.0,0.0
23786290.0,0.0
23986044.0,0.0
14466247.0,0.0
91458.0,0.0
24096432.0,0.0
23757227.0,0.0
23844082.0,0.0
24013862.0,0.0
123740.0,0.0
23760128.0,0.0
11876195.0,0.0
24150657.0,0.0
23786265.0,0.0
23955813.0,0.0
16681748.0,0.0
24123446.0,0.0
23928024.0,0.0
23955862.0,0.0
23930393.0,0.0
23724669.0,0.0
15736670.0,0.0
23786280.0,0.0
23786392.0,0.0
23843959.0,0.0
428373.0,0.0
572865.0,0.0
442827.0,0.0
23844063.0,0.0
23928145.0,0.0
13890776.0,0.0
23757082.0,0.0
89640.0,0.0
5511.0,0.0
87691.0,0.0
72724.0,0.0
179651.0,0.0
5702158.0,0.0
6426741.0,0.0
6426741.0,0.0
23278031.0,0.0
2073.0,0.0
5701985.0,0.0
441306.0,0.0
441306.0,0.0
5281542.0,0.0
4595.0,0.0
114811.0,0.0
9051.0,0.0
439530.0,0.0
440473.0,0.0
5280954.0,0.0
6602480.0,0.0
54676345.0,0.0
3760.0,0.0
24011690.0,0.0
23955888.0,0.0
496073.0,0.0
10483216.0,0.0
23986038.0,0.0
24123445.0,0.0
24069161.0,0.0
23930389.0,0.0
24011684.0,0.0
23757058.0,0.0
10258907.0,0.0
34687.0,0.0
130919.0,0.0
24013854.0,0.0
23874505.0,0.0
23872146.0,0.0
23815404.0,0.0
24123441.0,0.0
23986035.0,0.0
23928111.0,0.0
23786279.0,0.0
24123439.0,0.0
10125228.0,0.0
23902358.0,0.0
24096422.0,0.0
6441519.0,0.0
5379743.0,0.0
5280372.0,0.0
23844084.0,0.0
21764437.0,0.0
23757232.0,0.0
24013853.0,0.0
23955890.0,0.0
24096420.0,0.0
15598285.0,0.0
23789055.0,0.0
24123436.0,0.0
296197.0,0.0
125733.0,0.0
23928034.0,0.0
6918700.0,0.0
23786411.0,0.0
15649435.0,0.0
23815399.0,0.0
23900001.0,0.0
107713.0,0.0
455262.0,0.0
23815414.0,0.0
24150637.0,0.0
23815386.0,0.0
23902330.0,0.0
376403.0,0.0
15386782.0,0.0
189528.0,0.0
135765825.0,0.0
5275908.0,0.0
23786430.0,0.0
14414238.0,0.0
24121289.0,0.0
15736668.0,0.0
23928131.0,0.0
15736674.0,0.0
23872140.0,0.0
11944602.0,0.0
23986017.0,0.0
5458458.0,0.0
11968867.0,0.0
23844076.0,0.0
135601234.0,0.0
11968592.0,0.0
14830750.0,0.0
24871205.0,0.0
10588128.0,0.0
14038300.0,0.0
24096398.0,0.0
24094149.0,0.0
23955806.0,0.0
23844056.0,0.0
23872097.0,0.0
133053836.0,0.0
23757105.0,0.0
14489281.0,0.0
133053846.0,0.0
23872108.0,0.0
23900099.0,0.0
23757074.0,0.0
23757252.0,0.0
23786450.0,0.0
23843920.0,0.0
24096389.0,0.0
5315244.0,0.0
23624765.0,0.0
23843927.0,0.0
23955889.0,0.0
161036.0,0.0
23815256.0,0.0
13818684.0,0.0
23844024.0,0.0
23786377.0,0.0
265237.0,0.0
23757093.0,0.0
14262571.0,0.0
11043090.0,0.0
23900060.0,0.0
23757047.0,0.0
14191290.0,0.0
23872148.0,0.0
23815421.0,0.0
11100427.0,0.0
23844073.0,0.0
135400184.0,0.0
5282459.0,0.0
3062316.0,0.0
77993.0,0.0
62891.0,0.0
5464343.0,0.0
151194.0,0.0
1013376.0,0.0
4440.0,0.0
11213558.0,0.0
24180125.0,0.0
197033.0,0.0
644241.0,0.0
44620939.0,0.0
300471.0,0.0
53315137.0,0.0
11398092.0,0.0
44143209.0,0.0
11493598.0,0.0
81409.0,0.0
46925884.0,0.0
59768.0,0.0
656668.0,0.0
53315436.0,0.0
442424.0,0.0
9863776.0,0.0
24964624.0,0.0
441071.0,0.0
6321424.0,0.0
17755052.0,0.0
24180719.0,0.0
24821094.0,0.0
46209426.0,0.0
44182295.0,0.0
44968231.0,0.0
208898.0,0.0
10113978.0,0.0
9938203.0,0.0
10127622.0,0.0
53315868.0,0.0
53315878.0,0.0
46224516.0,0.0
15985330.0,0.0
23725625.0,0.0
16038120.0,0.0
3038522.0,0.0
10302451.0,0.0
9915743.0,0.0
5328940.0,0.0
6450551.0,0.0
25169382.0,0.0
9910224.0,0.0
11152667.0,0.0
16659841.0,0.0
24889392.0,0.0
24776445.0,0.0
387447.0,0.0
483407.0,0.0
11243969.0,0.0
16722836.0,0.0
25126798.0,0.0
25062766.0,0.0
127030711.0,0.0
42640.0,0.0
35802.0,0.0
5281718.0,0.0
94253.0,0.0
170361.0,0.0
89564218.0,0.0
71485.0,0.0
40000.0,0.0
675434.0,0.0
675434.0,0.0
9911830.0,0.0
10341154.0,0.0
6433145.0,0.0
11640390.0,0.0
9956119.0,0.0
24775005.0,0.0
1005654.0,0.0
16741245.0,0.0
10226546.0,0.0
42611257.0,0.0
11626560.0,0.0
11626560.0,0.0
25167777.0,0.0
25124816.0,0.0
85542.0,0.0
60167849.0,0.0
71203.0,0.0
90454.0,0.0
11625818.0,0.0
16654980.0,0.0
119369.0,0.0
6433119.0,0.0
9929127.0,0.0
57519550.0,0.0
10461508.0,0.0
16007391.0,0.0
24856041.0,0.0
9933475.0,0.0
44551660.0,0.0
9811611.0,0.0
9874913.0,0.0
6445562.0,0.0
42642645.0,0.0
10026128.0,0.0
57519519.0,0.0
219077.0,0.0
126758.0,0.0
57519515.0,0.0
178024.0,0.0
6918837.0,0.0
11159621.0,0.0
9907323.0,0.0
57519520.0,0.0
5330286.0,0.0
447371.0,0.0
25154867.0,0.0
135565545.0,0.0
11612883.0,0.0
51371303.0,0.0
49855250.0,0.0
11957756.0,0.0
11167602.0,0.0
9871074.0,0.0
25195348.0,0.0
44607530.0,0.0
11314340.0,0.0
9824562.0,0.0
5330790.0,0.0
24826799.0,0.0
6918638.0,0.0
24794418.0,0.0
11282283.0,0.0
9868037.0,0.0
17754438.0,0.0
25102847.0,0.0
22049997.0,0.0
46191454.0,0.0
49848070.0,0.0
11609586.0,0.0
25066467.0,0.0
9931954.0,0.0
44155856.0,0.0
24756910.0,0.0
16041424.0,0.0
11707110.0,0.0
9865515.0,0.0
24856436.0,0.0
11511120.0,0.0
24795070.0,0.0
11454028.0,0.0
46911863.0,0.0
9902100.0,0.0
9869779.0,0.0
56965901.0,0.0
9823820.0,0.0
16108977.0,0.0
11858109.0,0.0
46398810.0,0.0
6420138.0,0.0
11667893.0,0.0
16086114.0,0.0
2950007.0,0.0
1367095.0,0.0
1069686.0,0.0
57519531.0,0.0
2742550.0,0.0
49836027.0,0.0
51358113.0,0.0
119373.0,0.0
3099980.0,0.0
25021165.0,0.0
1177.0,0.0
441401.0,0.0
60854.0,0.0
241903.0,0.0
44195701.0,0.0
46199207.0,0.0
51037431.0,0.0
1549000.0,0.0
150311.0,0.0
60947.0,0.0
5720.0,0.0
49850262.0,0.0
24772043.0,0.0
2746.0,0.0
149.0,0.0
2826191.0,0.0
9869776.0,0.0
60857.0,0.0
22752.0,0.0
3914.0,0.0
45006136.0,0.0
3076.0,0.0
45934210.0,0.0
25749227.0,0.0
46783403.0,0.0
64139.0,0.0
11393719.0,0.0
44143370.0,0.0
53235510.0,0.0
4823.0,0.0
54671008.0,0.0
55283.0,0.0
46705390.0,0.0
2873523.0,0.0
9287.0,0.0
6540277.0,0.0
9797370.0,0.0
2875918.0,0.0
11462546.0,0.0
5284329.0,0.0
2810413.0,0.0
704473.0,0.0
16112820.0,0.0
6323491.0,0.0
135566354.0,0.0
11433190.0,0.0
11384493.0,0.0
10047612.0,0.0
5311194.0,0.0
2663.0,0.0
65906.0,0.0
56962337.0,0.0
57339144.0,0.0
71271629.0,0.0
24944925.0,0.0
71304818.0,0.0
52934127.0,0.0
46213929.0,0.0
54765302.0,0.0
24753719.0,0.0
3025944.0,0.0
25227462.0,0.0
46918825.0,0.0
25134326.0,0.0
44591583.0,0.0
25171648.0,0.0
16720766.0,0.0
16720766.0,0.0
25227436.0,0.0
56949517.0,0.0
45270144.0,0.0
50922691.0,0.0
11270783.0,0.0
53340666.0,0.0
9918559.0,0.0
10288191.0,0.0
135473382.0,0.0
10271028.0,0.0
9819282.0,0.0
21081761.0,0.0
73265272.0,0.0
10430360.0,0.0
5327916.0,0.0
9863367.0,0.0
9865587.0,0.0
25093235.0,0.0
9952773.0,0.0
46180666.0,0.0
25242324.0,0.0
44205240.0,0.0
10240275.0,0.0
59437537.0,0.0
11548023.0,0.0
24879368.0,0.0
73265273.0,0.0
16723044.0,0.0
16722834.0,0.0
16757524.0,0.0
25207689.0,0.0
25125014.0,0.0
11676971.0,0.0
57336812.0,0.0
49831257.0,0.0
56953649.0,0.0
24857323.0,0.0
25206185.0,0.0
151171.0,0.0
125017.0,0.0
53469448.0,0.0
11373846.0,0.0
9950176.0,0.0
24958200.0,0.0
135564841.0,0.0
51000408.0,0.0
148201.0,0.0
9803788.0,0.0
24785538.0,0.0
16222096.0,0.0
135565596.0,0.0
25161177.0,0.0
135440466.0,0.0
11561383.0,0.0
24800541.0,0.0
11520894.0,0.0
10437018.0,0.0
11647372.0,0.0
11749858.0,0.0
49769085.0,0.0
10027278.0,0.0
155815.0,0.0
135398495.0,0.0
3035714.0,0.0
9907093.0,0.0
44607360.0,0.0
44607531.0,0.0
10275789.0,0.0
448799.0,0.0
24901704.0,0.0
54682040.0,0.0
23520033.0,0.0
46930993.0,0.0
3874387.0,0.0
46930987.0,0.0
44139710.0,0.0
11249084.0,0.0
11256664.0,0.0
132990892.0,0.0
6852167.0,0.0
11539025.0,0.0
6918558.0,0.0
135742497.0,0.0
9549295.0,0.0
11175137.0,0.0
10182969.0,0.0
10286159.0,0.0
24996872.0,0.0
11427553.0,0.0
11488320.0,0.0
216210.0,0.0
23654923.0,0.0
53245636.0,0.0
6918295.0,0.0
6444692.0,0.0
66065.0,0.0
443155.0,0.0
11358077.0,0.0
49867939.0,0.0
49867940.0,0.0
114850.0,0.0
115067.0,0.0
90479327.0,0.0
9894584.0,0.0
260439.0,0.0
14240392.0,0.0
24905149.0,0.0
16747683.0,0.0
11689883.0,0.0
24905142.0,0.0
9827968.0,0.0
17751819.0,0.0
135399748.0,0.0
25257557.0,0.0
11581936.0,0.0
9883029.0,0.0
6918852.0,0.0
25229526.0,0.0
25229450.0,0.0
9549289.0,0.0
11417954.0,0.0
23635314.0,0.0
16124208.0,0.0
9843900.0,0.0
25182616.0,0.0
46885626.0,0.0
44187953.0,0.0
49784945.0,0.0
45375953.0,0.0
10366136.0,0.0
107848.0,0.0
443354.0,0.0
21725806.0,0.0
51712.0,0.0
24764449.0,0.0
42598643.0,0.0
16718576.0,0.0
11955716.0,0.0
25022340.0,0.0
25154041.0,0.0
53396311.0,0.0
135564985.0,0.0
10202642.0,0.0
24988881.0,0.0
9956222.0,0.0
49806720.0,0.0
44206063.0,0.0
135402864.0,0.0
54698642.0,0.0
54698642.0,0.0
44137946.0,0.0
56956240.0,0.0
10253143.0,0.0
25262792.0,0.0
11620908.0,0.0
2296132.0,0.0
162147.0,0.0
71354.0,0.0
51039095.0,0.0
56649450.0,0.0
10158940.0,0.0
9848160.0,0.0
42642648.0,0.0
24872560.0,0.0
121892.0,0.0
121829.0,0.0
11976582.0,0.0
46843906.0,0.0
5311510.0,0.0
2926768.0,0.0
46232606.0,0.0
6450813.0,0.0
44632017.0,0.0
9818682.0,0.0
25134521.0,0.0
24800108.0,0.0
9934347.0,0.0
10459564.0,0.0
644215.0,0.0
20635522.0,0.0
3796.0,0.0
9810884.0,0.0
10200390.0,0.0
66577006.0,0.0
49766501.0,0.0
4566.0,0.0
11844351.0,0.0
66577038.0,0.0
49830258.0,0.0
49830260.0,0.0
9916734.0,0.0
10172943.0,0.0
11501591.0,0.0
135465539.0,0.0
45942672.0,0.0
45359723.0,0.0
45360096.0,0.0
56776330.0,0.0
45359724.0,0.0
45360105.0,0.0
45359581.0,0.0
56776295.0,0.0
45359774.0,0.0
45359790.0,0.0
44715461.0,0.0
45782972.0,0.0
23955814.0,0.0
24066831.0,0.0
45359979.0,0.0
45783113.0,0.0
56776394.0,0.0
44715463.0,0.0
45783012.0,0.0
56776345.0,0.0
56776370.0,0.0
16196976.0,0.0
13939151.0,0.0
56776371.0,0.0
56776384.0,0.0
45360041.0,0.0
16202130.0,0.0
127054564.0,0.0
158361.0,0.0
44715535.0,0.0
23786324.0,0.0
21633105.0,0.0
51136448.0,0.0
45783069.0,0.0
45359858.0,0.0
3082301.0,0.0
10222695.0,0.0
51136367.0,0.0
45360036.0,0.0
45359981.0,0.0
45359192.0,0.0
45360038.0,0.0
45360000.0,0.0
51136564.0,0.0
10069635.0,0.0
14656910.0,0.0
95223186.0,0.0
44715218.0,0.0
51136581.0,0.0
44715277.0,0.0
5372065.0,0.0
23846520.0,0.0
14017925.0,0.0
23271906.0,0.0
45360151.0,0.0
6324973.0,0.0
45360181.0,0.0
44715462.0,0.0
45359980.0,0.0
45359570.0,0.0
13858122.0,0.0
44715261.0,0.0
45360095.0,0.0
72319.0,0.0
442014.0,0.0
44715185.0,0.0
51136474.0,0.0
10696407.0,0.0
45782818.0,0.0
45783033.0,0.0
56773923.0,0.0
101689.0,0.0
10018535.0,0.0
44715312.0,0.0
51136422.0,0.0
14396666.0,0.0
46933844.0,0.0
51136415.0,0.0
45782844.0,0.0
45359803.0,0.0
44715815.0,0.0
51136454.0,0.0
44715361.0,0.0
11146840.0,0.0
45360107.0,0.0
24775138.0,0.0
45359683.0,0.0
442885.0,0.0
11578541.0,0.0
45359752.0,0.0
36406703.0,0.0
51136452.0,0.0
21591950.0,0.0
45359707.0,0.0
45359823.0,0.0
124871280.0,0.0
135613041.0,0.0
45359891.0,0.0
45360043.0,0.0
45783065.0,0.0
45782748.0,0.0
45359944.0,0.0
45359690.0,0.0
13919571.0,0.0
14258971.0,0.0
6918504.0,0.0
45783221.0,0.0
45360185.0,0.0
45359515.0,0.0
45359496.0,0.0
45360271.0,0.0
23624921.0,0.0
45783183.0,0.0
11948661.0,0.0
51136443.0,0.0
9931899.0,0.0
23624918.0,0.0
45360321.0,0.0
45360322.0,0.0
45782868.0,0.0
44715327.0,0.0
45782768.0,0.0
45359269.0,0.0
12000799.0,0.0
93039.0,0.0
51136580.0,0.0
24121301.0,0.0
182199.0,0.0
45360361.0,0.0
10310632.0,0.0
11673921.0,0.0
53325875.0,0.0
56645356.0,0.0
1328033.0,0.0
2882155.0,0.0
58539301.0,0.0
56645961.0,0.0
44135961.0,0.0
2155128.0,0.0
8582409.0,0.0
46926973.0,0.0
789882.0,0.0
46931242.0,0.0
72551586.0,0.0
11654378.0,0.0
25263033.0,0.0
465951.0,0.0
5388906.0,0.0
5282521.0,0.0
53388524.0,0.0
22200891.0,0.0
90488984.0,0.0
24866313.0,0.0
44129660.0,0.0
72943187.0,0.0
101043110.0,0.0
71506583.0,0.0
53394762.0,0.0
72201027.0,0.0
72551585.0,0.0
76285486.0,0.0
71300326.0,0.0
71268957.0,0.0
10309899.0,0.0
50905713.0,0.0
59604787.0,0.0
45378188.0,0.0
121595845.0,0.0
78243729.0,0.0
133053865.0,0.0
133053880.0,0.0
44631903.0,0.0
56599293.0,0.0
57345410.0,0.0
3795.0,0.0
46220502.0,0.0
10052040.0,0.0
57390074.0,0.0
60160561.0,0.0
51038269.0,0.0
11214940.0,0.0
20916937.0,0.0
44557636.0,0.0
54766613.0,0.0
72199293.0,0.0
57519758.0,0.0
25232345.0,0.0
1915791.0,0.0
72193870.0,0.0
11409972.0,0.0
9936746.0,0.0
135566899.0,0.0
133053866.0,0.0
71291068.0,0.0
118878455.0,0.0
118878455.0,0.0
135564749.0,0.0
2111037.0,0.0
73010930.0,0.0
71522234.0,0.0
91623361.0,0.0
56962336.0,0.0
1092458.0,0.0
24802973.0,0.0
11675630.0,0.0
91885418.0,0.0
72551298.0,0.0
9947954.0,0.0
11741525.0,0.0
49800090.0,0.0
5311097.0,0.0
1301094.0,0.0
10425450.0,0.0
10236758.0,0.0
45100448.0,0.0
53382545.0,0.0
2858523.0,0.0
2440433.0,0.0
70679308.0,0.0
9829526.0,0.0
51031035.0,0.0
17095977.0,0.0
9928016.0,0.0
9843690.0,0.0
2011756.0,0.0
45376076.0,0.0
9864510.0,0.0
10477191.0,0.0
16307093.0,0.0
46223724.0,0.0
44250034.0,0.0
53464483.0,0.0
39065.0,0.0
53229989.0,0.0
10099206.0,0.0
23188887.0,0.0
5311424.0,0.0
133079.0,0.0
44516953.0,0.0
9809077.0,0.0
46937439.0,0.0
46208486.0,0.0
68107965.0,0.0
159603.0,0.0
5745207.0,0.0
9915813.0,0.0
16739265.0,0.0
10364418.0,0.0
23725123.0,0.0
44453327.0,0.0
449021.0,0.0
9938990.0,0.0
9910619.0,0.0
2298706.0,0.0
188942.0,0.0
10202471.0,0.0
11316919.0,0.0
5068295.0,0.0
25068753.0,0.0
9842556.0,0.0
9869276.0,0.0
2930014.0,0.0
15285131.0,0.0
9953065.0,0.0
11681588.0,0.0
5311057.0,0.0
11272107.0,0.0
9891980.0,0.0
9934033.0,0.0
11625520.0,0.0
1474853.0,0.0
25109291.0,0.0
10273347.0,0.0
11238212.0,0.0
155922.0,0.0
10291750.0,0.0
3055171.0,0.0
6918515.0,0.0
9884820.0,0.0
10474776.0,0.0
4858.0,0.0
17759121.0,0.0
9935015.0,0.0
9796408.0,0.0
25015515.0,0.0
25154868.0,0.0
22254068.0,0.0
10408514.0,0.0
25110406.0,0.0
25168304.0,0.0
25105713.0,0.0
46233311.0,0.0
11339118.0,0.0
6420160.0,0.0
10224714.0,0.0
25141190.0,0.0
9887351.0,0.0
9841560.0,0.0
197706.0,0.0
9908880.0,0.0
864492.0,0.0
25113626.0,0.0
16756754.0,0.0
9819770.0,0.0
5328135.0,0.0
9958279.0,0.0
6918827.0,0.0
512282.0,0.0
11527661.0,0.0
11037861.0,0.0
9884833.0,0.0
32681978.0,0.0
979718.0,0.0
10091491.0,0.0
589075.0,0.0
9949202.0,0.0
53472153.0,0.0
126079.0,0.0
11610682.0,0.0
46919335.0,0.0
9953357.0,0.0
10337743.0,0.0
44190553.0,0.0
11226207.0,0.0
11496610.0,0.0
443278.0,0.0
11598628.0,0.0
9826520.0,0.0
4068248.0,0.0
11477180.0,0.0
216456.0,0.0
24855958.0,0.0
9929425.0,0.0
114904.0,0.0
656768.0,0.0
6918583.0,0.0
10315001.0,0.0
23631116.0,0.0
2936384.0,0.0
25093231.0,0.0
56964346.0,0.0
114829.0,0.0
2986030.0,0.0
11960895.0,0.0
135398744.0,0.0
5487088.0,0.0
11167112.0,0.0
6539952.0,0.0
57347571.0,0.0
9865808.0,0.0
45103530.0,0.0
5330175.0,0.0
11503055.0,0.0
11689373.0,0.0
135506374.0,0.0
2797577.0,0.0
46846503.0,0.0
1286902.0,0.0
11545419.0,0.0
56587994.0,0.0
46836562.0,0.0
50911934.0,0.0
2766326.0,0.0
3035442.0,0.0
90488916.0,0.0
10324083.0,0.0
25114442.0,0.0
11461365.0,0.0
59377482.0,0.0
9886249.0,0.0
5311096.0,0.0
154575.0,0.0
50997747.0,0.0
5329447.0,0.0
24885053.0,0.0
23642319.0,0.0
9944610.0,0.0
5311201.0,0.0
11682007.0,0.0
3476.0,0.0
115239.0,0.0
104943.0,0.0
5503194.0,0.0
9549213.0,0.0
9847219.0,0.0
9901086.0,0.0
9839975.0,0.0
2132.0,0.0
5312114.0,0.0
11559235.0,0.0
9927197.0,0.0
9911716.0,0.0
23573.0,0.0
133053831.0,0.0
37990.0,0.0
3452843.0,0.0
10429706.0,0.0
46901461.0,0.0
156333.0,0.0
44247568.0,0.0
214347.0,0.0
25230662.0,0.0
10275777.0,0.0
449097.0,0.0
448014.0,0.0
22227931.0,0.0
24991044.0,0.0
70224122.0,0.0
6918314.0,0.0
71521142.0,0.0
71699712.0,0.0
2817763.0,0.0
225362.0,0.0
1117196.0,0.0
50922681.0,0.0
851474.0,0.0
3083511.0,0.0
148184.0,0.0
53492330.0,0.0
21014417.0,0.0
133053883.0,0.0
44605616.0,0.0
10201696.0,0.0
899323.0,0.0
60138149.0,0.0
133053871.0,0.0
46209401.0,0.0
24012277.0,0.0
72736173.0,0.0
91623360.0,0.0
90094283.0,0.0
76168.0,0.0
46192505.0,0.0
1201549.0,0.0
240767.0,0.0
6918178.0,0.0
57417192.0,0.0
77845606.0,0.0
58496428.0,0.0
9817923.0,0.0
5311452.0,0.0
9705.0,0.0
9845148.0,0.0
71576676.0,0.0
23729157.0,0.0
44623946.0,0.0
11646777.0,0.0
45142457.0,0.0
24958198.0,0.0
11978813.0,0.0
213040.0,0.0
119828.0,0.0
78357783.0,0.0
15984937.0,0.0
71542482.0,0.0
46908026.0,0.0
53378752.0,0.0
24957182.0,0.0
17754765.0,0.0
153241.0,0.0
78357808.0,0.0
25099191.0,0.0
46861623.0,0.0
46861623.0,0.0
46861623.0,0.0
58223272.0,0.0
59473233.0,0.0
50922675.0,0.0
25166913.0,0.0
73214.0,0.0
23727689.0,0.0
9928332.0,0.0
5288320.0,0.0
135446210.0,0.0
72836888.0,0.0
46848036.0,0.0
11995774.0,0.0
25073775.0,0.0
71496458.0,0.0
68277611.0,0.0
9915239.0,0.0
53344908.0,0.0
11349170.0,0.0
132981.0,0.0
44588117.0,0.0
67377767.0,0.0
5488548.0,0.0
9956146.0,0.0
9909448.0,0.0
11524200.0,0.0
9795741.0,0.0
9829828.0,0.0
25023726.0,0.0
9817231.0,0.0
10111831.0,0.0
51049968.0,0.0
9865421.0,0.0
9819150.0,0.0
11531745.0,0.0
656755.0,0.0
15953875.0,0.0
11712625.0,0.0
11719003.0,0.0
44223999.0,0.0
9911630.0,0.0
16125102.0,0.0
135497803.0,0.0
9957278.0,0.0
73349008.0,0.0
9928470.0,0.0
154689.0,0.0
53245590.0,0.0
9909648.0,0.0
11983356.0,0.0
197626.0,0.0
46224413.0,0.0
214346.0,0.0
6918497.0,0.0
10028830.0,0.0
9889700.0,0.0
59472574.0,0.0
5311055.0,0.0
9863010.0,0.0
11497983.0,0.0
25181195.0,0.0
10308091.0,0.0
1150897.0,0.0
42647277.0,0.0
1570601.0,0.0
9945530.0,0.0
177992.0,0.0
9933427.0,0.0
5496659.0,0.0
11180808.0,0.0
9796590.0,0.0
46937290.0,0.0
9929424.0,0.0
5311258.0,0.0
9820434.0,0.0
44464263.0,0.0
24801690.0,0.0
133053885.0,0.0
714286.0,0.0
1241327.0,0.0
10109178.0,0.0
11168182.0,0.0
11584834.0,0.0
2809273.0,0.0
11226090.0,0.0
50991505.0,0.0
10039361.0,0.0
2863945.0,0.0
9825084.0,0.0
10210160.0,0.0
11785878.0,0.0
16760513.0,0.0
1427626.0,0.0
11560787.0,0.0
53348188.0,0.0
5310960.0,0.0
9938280.0,0.0
9851775.0,0.0
53438230.0,0.0
11319053.0,0.0
135886459.0,0.0
10008367.0,0.0
16126898.0,0.0
11973736.0,0.0
21071390.0,0.0
71345.0,0.0
16202164.0,0.0
71254032.0,0.0
25025505.0,0.0
9828911.0,0.0
25144732.0,0.0
10117987.0,0.0
42636350.0,0.0
11546620.0,0.0
24857689.0,0.0
9924495.0,0.0
59239114.0,0.0
71576693.0,0.0
67475270.0,0.0
644100.0,0.0
78357934.0,0.0
46196517.0,0.0
9930049.0,0.0
66577032.0,0.0
25031915.0,0.0
4988454.0,0.0
23649154.0,0.0
446804.0,0.0
66577033.0,0.0
127894.0,0.0
4020.0,0.0
135528987.0,0.0
16727102.0,0.0
9799888.0,0.0
11848225.0,0.0
11949652.0,0.0
2360837.0,0.0
11711282.0,0.0
5329106.0,0.0
11950170.0,0.0
10280735.0,0.0
9882972.0,0.0
49855228.0,0.0
24808138.0,0.0
44603533.0,0.0
135742498.0,0.0
16734800.0,0.0
2856.0,0.0
71576689.0,0.0
5205.0,0.0
10029385.0,0.0
16058637.0,0.0
11256587.0,0.0
25138012.0,0.0
56650915.0,0.0
71604307.0,0.0
16739244.0,0.0
11597537.0,0.0
135416394.0,0.0
59757974.0,0.0
24771824.0,0.0
42602909.0,0.0
9887537.0,0.0
10471670.0,0.0
3794.0,0.0
5687.0,0.0
71297207.0,0.0
135900142.0,0.0
135564558.0,0.0
443894.0,0.0
6918386.0,0.0
11154555.0,0.0
10469233.0,0.0
11317439.0,0.0
57340685.0,0.0
10138259.0,0.0
6918324.0,0.0
54682876.0,0.0
9875401.0,0.0
44449078.0,0.0
53340664.0,0.0
1046082.0,0.0
44449392.0,0.0
11249932.0,0.0
11655534.0,0.0
11304743.0,0.0
11387409.0,0.0
25108829.0,0.0
11234049.0,0.0
10204153.0,0.0
44602493.0,0.0
44545403.0,0.0
53246941.0,0.0
46916382.0,0.0
9840849.0,0.0
49779726.0,0.0
71315139.0,0.0
3383533.0,0.0
4633677.0,0.0
9822241.0,0.0
9869934.0,0.0
53318624.0,0.0
4722579.0,0.0
4722579.0,0.0
9921064.0,0.0
22475020.0,0.0
49857866.0,0.0
25198728.0,0.0
51346934.0,0.0
11654412.0,0.0
9816778.0,0.0
25210562.0,0.0
59723793.0,0.0
25074316.0,0.0
10001434.0,0.0
22609888.0,0.0
49830684.0,0.0
53361524.0,0.0
46208250.0,0.0
45484303.0,0.0
24971422.0,0.0
46204221.0,0.0
11656002.0,0.0
12934390.0,0.0
131620.0,0.0
984333.0,0.0
11384503.0,0.0
2946601.0,0.0
10167713.0,0.0
24278976.0,0.0
44252734.0,0.0
310360.0,0.0
11442117.0,0.0
781301.0,0.0
46742353.0,0.0
129869.0,0.0
66561564.0,0.0
49763030.0,0.0
135413563.0,0.0
57326210.0,0.0
73349077.0,0.0
21023902.0,0.0
10278166.0,0.0
42623951.0,0.0
2853753.0,0.0
53358422.0,0.0
71450146.0,0.0
16750094.0,0.0
230710.0,0.0
54764919.0,0.0
70682875.0,0.0
44589122.0,0.0
755507.0,0.0
53347902.0,0.0
49868481.0,0.0
2799722.0,0.0
5311287.0,0.0
9840648.0,0.0
9794656.0,0.0
5287529.0,0.0
22245705.0,0.0
71520717.0,0.0
25253556.0,0.0
2984337.0,0.0
394449.0,0.0
11837221.0,0.0
42627755.0,0.0
44665680.0,0.0
51035449.0,0.0
17980288.0,0.0
56927063.0,0.0
3173542.0,0.0
46006640.0,0.0
53393916.0,0.0
65459349.0,0.0
46911016.0,0.0
44577753.0,0.0
50904505.0,0.0
11232124.0,0.0
5311104.0,0.0
60204017.0,0.0
46173038.0,0.0
71601111.0,0.0
399465.0,0.0
70702008.0,0.0
135566764.0,0.0
5000754.0,0.0
69580299.0,0.0
72547474.0,0.0
68060125.0,0.0
6443493.0,0.0
44715211.0,0.0
45359597.0,0.0
9845622.0,0.0
45359781.0,0.0
45359791.0,0.0
14286532.0,0.0
44715688.0,0.0
44715237.0,0.0
45359905.0,0.0
23983651.0,0.0
45782800.0,0.0
23843941.0,0.0
12314731.0,0.0
56773928.0,0.0
23900070.0,0.0
71694472.0,0.0
57509529.0,0.0
44715175.0,0.0
45782794.0,0.0
75368739.0,0.0
75368748.0,0.0
75368743.0,0.0
14756310.0,0.0
45360201.0,0.0
45360202.0,0.0
45359922.0,0.0
44715469.0,0.0
88687.0,0.0
75411924.0,0.0
56776334.0,0.0
92109.0,0.0
45359821.0,0.0
75536027.0,0.0
44715298.0,0.0
51136300.0,0.0
45360381.0,0.0
51136431.0,0.0
44715844.0,0.0
51136488.0,0.0
15563753.0,0.0
38361549.0,0.0
45360187.0,0.0
45782759.0,0.0
23757063.0,0.0
45359888.0,0.0
11331977.0,0.0
51136303.0,0.0
75368794.0,0.0
45359674.0,0.0
21602024.0,0.0
45783057.0,0.0
5458385.0,0.0
5319978.0,0.0
45360188.0,0.0
38356960.0,0.0
45782888.0,0.0
45782755.0,0.0
51136271.0,0.0
51136258.0,0.0
126417.0,0.0
57509475.0,0.0
57509518.0,0.0
10136742.0,0.0
71694481.0,0.0
75536001.0,0.0
23757162.0,0.0
23872043.0,0.0
75368792.0,0.0
75528770.0,0.0
75528924.0,0.0
23757186.0,0.0
9799192.0,0.0
133053869.0,0.0
44715397.0,0.0
45360244.0,0.0
10357087.0,0.0
45782786.0,0.0
45783027.0,0.0
45783068.0,0.0
56776265.0,0.0
71694455.0,0.0
57509467.0,0.0
44715220.0,0.0
57509515.0,0.0
44715328.0,0.0
15127669.0,0.0
60208845.0,0.0
93306.0,0.0
75536031.0,0.0
14274910.0,0.0
75368790.0,0.0
75368795.0,0.0
75368801.0,0.0
45359333.0,0.0
133053893.0,0.0
45359600.0,0.0
51136248.0,0.0
60208857.0,0.0
45782749.0,0.0
73175183.0,0.0
45360242.0,0.0
45783007.0,0.0
45783043.0,0.0
56776205.0,0.0
45359401.0,0.0
15699298.0,0.0
75368732.0,0.0
60208893.0,0.0
45359558.0,0.0
23899993.0,0.0
115158.0,0.0
23815382.0,0.0
162868.0,0.0
45359627.0,0.0
45359624.0,0.0
45360008.0,0.0
51136462.0,0.0
23815409.0,0.0
95223221.0,0.0
45783061.0,0.0
45783074.0,0.0
131841619.0,0.0
45783163.0,0.0
45783214.0,0.0
127686.0,0.0
51136510.0,0.0
51136572.0,0.0
51136579.0,0.0
51136498.0,0.0
51136586.0,0.0
23786288.0,0.0
56776245.0,0.0
23900067.0,0.0
45783164.0,0.0
45360325.0,0.0
75536002.0,0.0
24066904.0,0.0
45782962.0,0.0
45783159.0,0.0
45360159.0,0.0
71694475.0,0.0
57509359.0,0.0
57509505.0,0.0
45359746.0,0.0
60208841.0,0.0
60208864.0,0.0
57509396.0,0.0
75536012.0,0.0
75536004.0,0.0
3002217.0,0.0
60208906.0,0.0
14682777.0,0.0
75411990.0,0.0
14488270.0,0.0
45782921.0,0.0
45359833.0,0.0
45359776.0,0.0
45359862.0,0.0
45359826.0,0.0
44715472.0,0.0
45359615.0,0.0
45359950.0,0.0
45360083.0,0.0
45359874.0,0.0
45360158.0,0.0
38360362.0,0.0
5281169.0,0.0
45359393.0,0.0
3084479.0,0.0
71694408.0,0.0
23757159.0,0.0
11247802.0,0.0
442400.0,0.0
133053849.0,0.0
6437363.0,0.0
45359339.0,0.0
75368726.0,0.0
25750965.0,0.0
45782885.0,0.0
6507065.0,0.0
99895.0,0.0
57509339.0,0.0
110062422.0,0.0
60208840.0,0.0
57509541.0,0.0
75368746.0,0.0
75368747.0,0.0
44715269.0,0.0
75411915.0,0.0
75411925.0,0.0
978395.0,0.0
75411969.0,0.0
75528925.0,0.0
75528926.0,0.0
2180.0,0.0
14314897.0,0.0
24175340.0,0.0
45783028.0,0.0
56776291.0,0.0
45782967.0,0.0
44715557.0,0.0
45360029.0,0.0
14034234.0,0.0
51136257.0,0.0
10243103.0,0.0
45782911.0,0.0
24039341.0,0.0
133053886.0,0.0
38355893.0,0.0
38357118.0,0.0
110062432.0,0.0
10999992.0,0.0
45360272.0,0.0
14021451.0,0.0
9968607.0,0.0
6440185.0,0.0
23815369.0,0.0
56776249.0,0.0
56773934.0,0.0
56776287.0,0.0
57509435.0,0.0
71694445.0,0.0
71694442.0,0.0
71694443.0,0.0
10448477.0,0.0
57509504.0,0.0
75368718.0,0.0
11394232.0,0.0
75411905.0,0.0
75215913.0,0.0
75528883.0,0.0
51136528.0,0.0
14286542.0,0.0
45359268.0,0.0
60208820.0,0.0
45359861.0,0.0
10381991.0,0.0
45360283.0,0.0
84298.0,0.0
14191448.0,0.0
23786389.0,0.0
14105029.0,0.0
98050919.0,0.0
10093830.0,0.0
75368741.0,0.0
75368744.0,0.0
75368745.0,0.0
133053864.0,0.0
75368778.0,0.0
75528893.0,0.0
156312.0,0.0
136227111.0,0.0
75411916.0,0.0
75411980.0,0.0
75411917.0,0.0
6143534.0,0.0
23624920.0,0.0
75528906.0,0.0
75528842.0,0.0
75528876.0,0.0
10057371.0,0.0
73146465.0,0.0
136224826.0,0.0
75528942.0,0.0
75528940.0,0.0
92782.0,0.0
11960555.0,0.0
3007984.0,0.0
133053863.0,0.0
14635441.0,0.0
10721965.0,0.0
24066887.0,0.0
45782754.0,0.0
45782772.0,0.0
45359180.0,0.0
10537875.0,0.0
45359162.0,0.0
102571608.0,0.0
100640774.0,0.0
631655.0,0.0
100640795.0,0.0
99698869.0,0.0
12310181.0,0.0
51136329.0,0.0
133053839.0,0.0
443451.0,0.0
21596344.0,0.0
102571574.0,0.0
442878.0,0.0
45360165.0,0.0
38358266.0,0.0
44715623.0,0.0
44715455.0,0.0
5073087.0,0.0
23955788.0,0.0
23843958.0,0.0
75368714.0,0.0
21725258.0,0.0
45359562.0,0.0
38351931.0,0.0
60208822.0,0.0
23815371.0,0.0
14539974.0,0.0
10177048.0,0.0
24066896.0,0.0
56776172.0,0.0
23843911.0,0.0
75411902.0,0.0
5281490.0,0.0
51136247.0,0.0
51136497.0,0.0
56776285.0,0.0
71694460.0,0.0
11248520.0,0.0
75528910.0,0.0
75528905.0,0.0
21633776.0,0.0
45360082.0,0.0
45783097.0,0.0
23786379.0,0.0
126851.0,0.0
75528785.0,0.0
75528793.0,0.0
51136494.0,0.0
133053817.0,0.0
75528931.0,0.0
46911646.0,0.0
24094156.0,0.0
45360349.0,0.0
51136264.0,0.0
26495249.0,0.0
60208863.0,0.0
44715368.0,0.0
45359306.0,0.0
57481829.0,0.0
6437857.0,0.0
45782813.0,0.0
45359982.0,0.0
45783015.0,0.0
136138299.0,0.0
45783128.0,0.0
51136570.0,0.0
5281766.0,0.0
10004339.0,0.0
23872100.0,0.0
57509367.0,0.0
10624918.0,0.0
60208889.0,0.0
6439292.0,0.0
45782807.0,0.0
75411998.0,0.0
10570512.0,0.0
44715257.0,0.0
75412004.0,0.0
75528885.0,0.0
44608049.0,0.0
9795706.0,0.0
102571605.0,0.0
102571582.0,0.0
10006830.0,0.0
51136354.0,0.0
102571590.0,0.0
5477694.0,0.0
101678965.0,0.0
100641860.0,0.0
59081334.0,0.0
60208865.0,0.0
45360243.0,0.0
9832854.0,0.0
23928150.0,0.0
56776301.0,0.0
57509423.0,0.0
75528822.0,0.0
75528789.0,0.0
75110862.0,0.0
44715814.0,0.0
23815419.0,0.0
75528790.0,0.0
11339056.0,0.0
45782910.0,0.0
24094128.0,0.0
45782826.0,0.0
44715714.0,0.0
45359620.0,0.0
45359622.0,0.0
44715801.0,0.0
45359685.0,0.0
45359734.0,0.0
45359735.0,0.0
45359737.0,0.0
45359765.0,0.0
38358680.0,0.0
45359151.0,0.0
45359335.0,0.0
5825193.0,0.0
110062430.0,0.0
45359866.0,0.0
45359611.0,0.0
45359616.0,0.0
75528815.0,0.0
45783062.0,0.0
45782847.0,0.0
45782797.0,0.0
45783173.0,0.0
44715689.0,0.0
38358774.0,0.0
51136455.0,0.0
51136582.0,0.0
56776338.0,0.0
45360161.0,0.0
56776335.0,0.0
56776385.0,0.0
56776297.0,0.0
56776254.0,0.0
56773914.0,0.0
56776227.0,0.0
56776177.0,0.0
44715772.0,0.0
57509407.0,0.0
71694463.0,0.0
14807501.0,0.0
57509519.0,0.0
44715247.0,0.0
45359141.0,0.0
57509384.0,0.0
75536019.0,0.0
53721664.0,0.0
75536028.0,0.0
75536029.0,0.0
60208851.0,0.0
75368742.0,0.0
75368720.0,0.0
75368782.0,0.0
75411933.0,0.0
11241847.0,0.0
75411993.0,0.0
60208861.0,0.0
45782753.0,0.0
51136309.0,0.0
51136283.0,0.0
14824655.0,0.0
72770620.0,0.0
100640839.0,0.0
157242.0,0.0
45359516.0,0.0
102571588.0,0.0
100640816.0,0.0
157978.0,0.0
102571576.0,0.0
102571589.0,0.0
45782841.0,0.0
6475118.0,0.0
102571595.0,0.0
45359468.0,0.0
133053843.0,0.0
24011589.0,0.0
23757049.0,0.0
132936273.0,0.0
45359784.0,0.0
38358307.0,0.0
45359890.0,0.0
45359647.0,0.0
45359995.0,0.0
44715347.0,0.0
3804245.0,0.0
10040222.0,0.0
45359847.0,0.0
45359379.0,0.0
45359540.0,0.0
45359804.0,0.0
45359827.0,0.0
44715593.0,0.0
124871292.0,0.0
45360088.0,0.0
45360104.0,0.0
24039286.0,0.0
75536011.0,0.0
45359648.0,0.0
45782923.0,0.0
45782948.0,0.0
45783004.0,0.0
14239530.0,0.0
45359227.0,0.0
45359459.0,0.0
45782787.0,0.0
51136550.0,0.0
60208866.0,0.0
60208869.0,0.0
5458472.0,0.0
60208825.0,0.0
56776343.0,0.0
38361417.0,0.0
45360145.0,0.0
45360139.0,0.0
56773901.0,0.0
15747849.0,0.0
23843947.0,0.0
24039300.0,0.0
45359881.0,0.0
45360026.0,0.0
45360020.0,0.0
45360126.0,0.0
45360246.0,0.0
38354941.0,0.0
45360308.0,0.0
23843957.0,0.0
45359530.0,0.0
14155777.0,0.0
23815258.0,0.0
45359691.0,0.0
45359699.0,0.0
45782785.0,0.0
45782878.0,0.0
176955.0,0.0
38353023.0,0.0
45359639.0,0.0
44715359.0,0.0
45782839.0,0.0
45359238.0,0.0
45360031.0,0.0
45360111.0,0.0
45360141.0,0.0
38354714.0,0.0
75411954.0,0.0
75412003.0,0.0
57509411.0,0.0
5226097.0,0.0
71694468.0,0.0
57509326.0,0.0
98951.0,0.0
60208902.0,0.0
10902686.0,0.0
75368793.0,0.0
25774975.0,0.0
57509507.0,0.0
11746594.0,0.0
9904331.0,0.0
75528890.0,0.0
73657095.0,0.0
75368761.0,0.0
75528897.0,0.0
615378.0,0.0
19834189.0,0.0
75368797.0,0.0
14241024.0,0.0
45359717.0,0.0
45783042.0,0.0
45360068.0,0.0
24148518.0,0.0
45782764.0,0.0
133053824.0,0.0
75528820.0,0.0
60208823.0,0.0
57509320.0,0.0
71694483.0,0.0
12310809.0,0.0
10351261.0,0.0
51136353.0,0.0
75411961.0,0.0
75411991.0,0.0
45359318.0,0.0
45359824.0,0.0
110062414.0,0.0
133053855.0,0.0
23843946.0,0.0
13892459.0,0.0
44199317.0,0.0
24858111.0,0.0
66558664.0,0.0
46216796.0,0.0
117637389.0,0.0
176155.0,0.0
9953599.0,0.0
158758.0,0.0
5166.0,0.0
5281437.0,0.0
11849514.0,0.0
44224257.0,0.0
25033539.0,0.0
136959977.0,0.0
90216621.0,0.0
10090485.0,0.0
5284330.0,0.0
71566751.0,0.0
133053856.0,0.0
2210370.0,0.0
71607189.0,0.0
17759482.0,0.0
60196244.0,0.0
71622454.0,0.0
78357767.0,0.0
56671814.0,0.0
91826086.0,0.0
73389731.0,0.0
71761630.0,0.0
35397514.0,0.0
71714981.0,0.0
91654625.0,0.0
15985904.0,0.0
71532921.0,0.0
6457069.0,0.0
57394020.0,0.0
60168097.0,0.0
90642938.0,0.0
17555704.0,0.0
133053811.0,0.0
60202647.0,0.0
76283751.0,0.0
73670548.0,0.0
121439609.0,0.0
1715.0,0.0
24066834.0,0.0
51136328.0,0.0
5352004.0,0.0
21587928.0,0.0
23955866.0,0.0
57509523.0,0.0
71694476.0,0.0
75368769.0,0.0
44715499.0,0.0
442021.0,0.0
75412005.0,0.0
24148534.0,0.0
133053861.0,0.0
133053894.0,0.0
23928005.0,0.0
51136346.0,0.0
44715392.0,0.0
23616571.0,0.0
44715685.0,0.0
521332.0,0.0
15143694.0,0.0
45359932.0,0.0
133053888.0,0.0
45360027.0,0.0
45360025.0,0.0
133053829.0,0.0
6325350.0,0.0
44715736.0,0.0
45360109.0,0.0
45360200.0,0.0
45360186.0,0.0
44715704.0,0.0
45783145.0,0.0
161276.0,0.0
75368723.0,0.0
45783021.0,0.0
45783006.0,0.0
45783116.0,0.0
6326020.0,0.0
13442364.0,0.0
494049.0,0.0
45783127.0,0.0
23638286.0,0.0
23815309.0,0.0
20839507.0,0.0
51136366.0,0.0
102571623.0,0.0
22297602.0,0.0
56776299.0,0.0
127054538.0,0.0
132936473.0,0.0
56776400.0,0.0
56776357.0,0.0
110062416.0,0.0
45782970.0,0.0
56776246.0,0.0
14314902.0,0.0
14312974.0,0.0
71694440.0,0.0
46705493.0,0.0
21630845.0,0.0
71694427.0,0.0
15560592.0,0.0
45359810.0,0.0
57509358.0,0.0
24721183.0,0.0
46173908.0,0.0
60208846.0,0.0
45360133.0,0.0
75536018.0,0.0
14543486.0,0.0
57509502.0,0.0
57509501.0,0.0
75368751.0,0.0
11794150.0,0.0
6453389.0,0.0
75411907.0,0.0
75528886.0,0.0
10403528.0,0.0
21596328.0,0.0
371682.0,0.0
12897222.0,0.0
11876148.0,0.0
12315192.0,0.0
38357975.0,0.0
45360039.0,0.0
44715491.0,0.0
162146.0,0.0
45360282.0,0.0
24121278.0,0.0
14829837.0,0.0
5280847.0,0.0
133053819.0,0.0
6917929.0,0.0
14489120.0,0.0
15601259.0,0.0
133053859.0,0.0
110062417.0,0.0
5270628.0,0.0
14035461.0,0.0
494920.0,0.0
45359638.0,0.0
45359697.0,0.0
75528809.0,0.0
45359941.0,0.0
45360084.0,0.0
45359896.0,0.0
45360072.0,0.0
45360057.0,0.0
45359906.0,0.0
45360174.0,0.0
45360251.0,0.0
38362747.0,0.0
45783101.0,0.0
38357638.0,0.0
12443309.0,0.0
45782989.0,0.0
45783181.0,0.0
45783203.0,0.0
6916048.0,0.0
45360289.0,0.0
51136491.0,0.0
51136495.0,0.0
51136393.0,0.0
51136514.0,0.0
51136426.0,0.0
602152.0,0.0
51136435.0,0.0
51136434.0,0.0
51136573.0,0.0
45783109.0,0.0
51136370.0,0.0
51136365.0,0.0
51136396.0,0.0
44559108.0,0.0
56776244.0,0.0
5070782.0,0.0
56776320.0,0.0
11968402.0,0.0
56776398.0,0.0
56776255.0,0.0
24094157.0,0.0
56776259.0,0.0
133053833.0,0.0
56776269.0,0.0
56776204.0,0.0
56776275.0,0.0
56776238.0,0.0
56776283.0,0.0
56776277.0,0.0
16127386.0,0.0
57509441.0,0.0
57509432.0,0.0
57509438.0,0.0
75368715.0,0.0
45360260.0,0.0
57509462.0,0.0
182703.0,0.0
57509461.0,0.0
71694465.0,0.0
71694466.0,0.0
71694461.0,0.0
57509495.0,0.0
14033269.0,0.0
24094142.0,0.0
132422.0,0.0
57509364.0,0.0
169021.0,0.0
57509512.0,0.0
57509416.0,0.0
157977.0,0.0
57509366.0,0.0
14671623.0,0.0
136268315.0,0.0
57509528.0,0.0
14507473.0,0.0
11812348.0,0.0
164513.0,0.0
60208849.0,0.0
45783023.0,0.0
57509547.0,0.0
92760.0,0.0
75368764.0,0.0
23259931.0,0.0
21672555.0,0.0
75368810.0,0.0
75412000.0,0.0
75411987.0,0.0
24150658.0,0.0
14488076.0,0.0
75411978.0,0.0
23930363.0,0.0
75411973.0,0.0
75528841.0,0.0
75528889.0,0.0
10288763.0,0.0
75528911.0,0.0
75528878.0,0.0
75528880.0,0.0
75528806.0,0.0
21599098.0,0.0
10914066.0,0.0
15837614.0,0.0
14396803.0,0.0
10839700.0,0.0
51136253.0,0.0
45359708.0,0.0
45359942.0,0.0
75411913.0,0.0
45360255.0,0.0
45359895.0,0.0
44715627.0,0.0
10544728.0,0.0
45360010.0,0.0
21596327.0,0.0
133053850.0,0.0
38361768.0,0.0
45359949.0,0.0
45360157.0,0.0
45360106.0,0.0
11003703.0,0.0
74959394.0,0.0
45359299.0,0.0
75411904.0,0.0
600784.0,0.0
10628980.0,0.0
45360375.0,0.0
22297892.0,0.0
133053884.0,0.0
45360340.0,0.0
54708686.0,0.0
10906400.0,0.0
51136538.0,0.0
51136374.0,0.0
56776369.0,0.0
56776372.0,0.0
56776404.0,0.0
56776211.0,0.0
46883088.0,0.0
57509342.0,0.0
23955822.0,0.0
98051579.0,0.0
95790462.0,0.0
40626559.0,0.0
96355386.0,0.0
46705455.0,0.0
75368785.0,0.0
75368799.0,0.0
75368800.0,0.0
133053815.0,0.0
25769055.0,0.0
45360172.0,0.0
45359882.0,0.0
45360170.0,0.0
15690483.0,0.0
45359588.0,0.0
6049852.0,0.0
45359716.0,0.0
12313291.0,0.0
45360219.0,0.0
56776280.0,0.0
45783029.0,0.0
51136279.0,0.0
71694458.0,0.0
133053848.0,0.0
56776182.0,0.0
12302076.0,0.0
24039336.0,0.0
5281471.0,0.0
434576.0,0.0
10577938.0,0.0
23843937.0,0.0
21579640.0,0.0
45359750.0,0.0
45359860.0,0.0
3038513.0,0.0
2837665.0,0.0
133053825.0,0.0
45783209.0,0.0
6443783.0,0.0
51136504.0,0.0
51136515.0,0.0
6326021.0,0.0
10993414.0,0.0
51136533.0,0.0
23815395.0,0.0
15825666.0,0.0
51136568.0,0.0
51136362.0,0.0
44715835.0,0.0
51136390.0,0.0
56776306.0,0.0
56776292.0,0.0
14079045.0,0.0
45783003.0,0.0
56776326.0,0.0
56776278.0,0.0
56776279.0,0.0
14589106.0,0.0
494583.0,0.0
51136526.0,0.0
56776225.0,0.0
45360040.0,0.0
57509454.0,0.0
45360332.0,0.0
13995409.0,0.0
57509427.0,0.0
14286951.0,0.0
23786428.0,0.0
75536009.0,0.0
75368737.0,0.0
45027869.0,0.0
60208843.0,0.0
477404.0,0.0
14414915.0,0.0
75536006.0,0.0
57509354.0,0.0
75368750.0,0.0
75368752.0,0.0
57509375.0,0.0
75368807.0,0.0
278173.0,0.0
23786414.0,0.0
57509551.0,0.0
24879693.0,0.0
131841671.0,0.0
25799413.0,0.0
45359868.0,0.0
26302443.0,0.0
45359731.0,0.0
45360044.0,0.0
5315744.0,0.0
44634614.0,0.0
57509390.0,0.0
44715379.0,0.0
110062412.0,0.0
56776296.0,0.0
208007.0,0.0
110062450.0,0.0
75528901.0,0.0
75528914.0,0.0
12303703.0,0.0
23928095.0,0.0
45360351.0,0.0
6326016.0,0.0
10813903.0,0.0
51136555.0,0.0
51136437.0,0.0
56776199.0,0.0
45359740.0,0.0
11869597.0,0.0
110281987.0,0.0
75368811.0,0.0
5497122.0,0.0
75528903.0,0.0
133053845.0,0.0
75528904.0,0.0
45360002.0,0.0
5281318.0,0.0
45783088.0,0.0
185559.0,0.0
60208867.0,0.0
441462.0,0.0
57509376.0,0.0
110062427.0,0.0
23757210.0,0.0
45359865.0,0.0
95224101.0,0.0
12310371.0,0.0
482788.0,0.0
44715625.0,0.0
45783053.0,0.0
11077036.0,0.0
51136574.0,0.0
390635.0,0.0
6440973.0,0.0
56776213.0,0.0
13855771.0,0.0
44577222.0,0.0
44593583.0,0.0
11519131.0,0.0
57509452.0,0.0
45783010.0,0.0
4177125.0,0.0
3496498.0,0.0
60208884.0,0.0
10625849.0,0.0
60208900.0,0.0
60208830.0,0.0
599030.0,0.0
75411936.0,0.0
155948.0,0.0
4491164.0,0.0
75528888.0,0.0
6450191.0,0.0
23874507.0,0.0
23757179.0,0.0
181557.0,0.0
45359548.0,0.0
24066891.0,0.0
75411928.0,0.0
75368808.0,0.0
51136518.0,0.0
45359661.0,0.0
75368817.0,0.0
74218732.0,0.0
57509552.0,0.0
45359819.0,0.0
75528857.0,0.0
10675211.0,0.0
13848081.0,0.0
14806212.0,0.0
45360281.0,0.0
19971046.0,0.0
14845503.0,0.0
131841665.0,0.0
38358972.0,0.0
11766732.0,0.0
56776337.0,0.0
45782908.0,0.0
24039302.0,0.0
24121276.0,0.0
56776168.0,0.0
45359584.0,0.0
23786441.0,0.0
45359543.0,0.0
45359913.0,0.0
56776367.0,0.0
56776282.0,0.0
24121299.0,0.0
71694462.0,0.0
14507477.0,0.0
75528902.0,0.0
102571581.0,0.0
24066854.0,0.0
23872103.0,0.0
46705472.0,0.0
133053826.0,0.0
45359747.0,0.0
57612061.0,0.0
57509483.0,0.0
57509351.0,0.0
23815259.0,0.0
14635445.0,0.0
343590.0,0.0
156145.0,0.0
124328808.0,0.0
11875005.0,0.0
45783204.0,0.0
133053877.0,0.0
5321222.0,0.0
773630.0,0.0
56776332.0,0.0
56776256.0,0.0
71694459.0,0.0
133053872.0,0.0
45782982.0,0.0
75411929.0,0.0
14781544.0,0.0
75411901.0,0.0
123617.0,0.0
75528913.0,0.0
75528884.0,0.0
128963627.0,0.0
26474524.0,0.0
23928004.0,0.0
102571602.0,0.0
14048613.0,0.0
124039.0,0.0
124039.0,0.0
75528805.0,0.0
10439536.0,0.0
10314695.0,0.0
441966.0,0.0
51136558.0,0.0
11035692.0,0.0
434884.0,0.0
14035430.0,0.0
179396.0,0.0
24094150.0,0.0
9881423.0,0.0
21572943.0,0.0
71694414.0,0.0
174174.0,0.0
5316604.0,0.0
56776274.0,0.0
45359614.0,0.0
45359852.0,0.0
60208818.0,0.0
133053890.0,0.0
75368757.0,0.0
24066832.0,0.0
38362297.0,0.0
45359822.0,0.0
45783133.0,0.0
10425556.0,0.0
3259771.0,0.0
10736338.0,0.0
5375436.0,0.0
56776294.0,0.0
12311284.0,0.0
56776190.0,0.0
14396673.0,0.0
44255237.0,0.0
71694470.0,0.0
57509328.0,0.0
4641644.0,0.0
60208882.0,0.0
75536010.0,0.0
60208899.0,0.0
14135401.0,0.0
44715816.0,0.0
133053851.0,0.0
3411815.0,0.0
57509439.0,0.0
71694444.0,0.0
57509379.0,0.0
45359843.0,0.0
44715822.0,0.0
131841764.0,0.0
56776339.0,0.0
45359176.0,0.0
45783146.0,0.0
45783001.0,0.0
45782896.0,0.0
56776380.0,0.0
56776212.0,0.0
71694441.0,0.0
57509456.0,0.0
71694431.0,0.0
57509391.0,0.0
11193428.0,0.0
23271974.0,0.0
45359547.0,0.0
45359704.0,0.0
133053882.0,0.0
15599717.0,0.0
12314096.0,0.0
5316639.0,0.0
46705486.0,0.0
10710515.0,0.0
56776390.0,0.0
3084296.0,0.0
56776273.0,0.0
71694454.0,0.0
57509506.0,0.0
45782903.0,0.0
45360042.0,0.0
133053834.0,0.0
129434878.0,0.0
75411992.0,0.0
75411946.0,0.0
75411965.0,0.0
91939779.0,0.0
133053832.0,0.0
75411997.0,0.0
23928033.0,0.0
24011680.0,0.0
75411923.0,0.0
133053842.0,0.0
133053857.0,0.0
10763616.0,0.0
56776382.0,0.0
56776270.0,0.0
10313649.0,0.0
71694416.0,0.0
57509442.0,0.0
71694448.0,0.0
75368763.0,0.0
75368753.0,0.0
75368773.0,0.0
75368784.0,0.0
75368809.0,0.0
12304189.0,0.0
44715768.0,0.0
75411952.0,0.0
91503.0,0.0
45782940.0,0.0
45359542.0,0.0
45360359.0,0.0
14189874.0,0.0
51136544.0,0.0
13877687.0,0.0
45359857.0,0.0
14135399.0,0.0
10614148.0,0.0
159529.0,0.0
21636136.0,0.0
12312886.0,0.0
45359163.0,0.0
57509533.0,0.0
13942818.0,0.0
6915833.0,0.0
14287067.0,0.0
45360196.0,0.0
45783172.0,0.0
15624181.0,0.0
133053892.0,0.0
45783222.0,0.0
127054537.0,0.0
10388860.0,0.0
56776183.0,0.0
12315074.0,0.0
45360189.0,0.0
98958.0,0.0
73174.0,0.0
45782927.0,0.0
164879.0,0.0
10488522.0,0.0
4655876.0,0.0
56773909.0,0.0
619344.0,0.0
57509470.0,0.0
75411926.0,0.0
45783098.0,0.0
5320710.0,0.0
75411960.0,0.0
10105632.0,0.0
540389.0,0.0
56776200.0,0.0
14132336.0,0.0
329432.0,0.0
6110227.0,0.0
24148537.0,0.0
13970045.0,0.0
271607.0,0.0
57509446.0,0.0
95790359.0,0.0
75368731.0,0.0
50917934.0,0.0
75528912.0,0.0
13943342.0,0.0
3320872.0,0.0
45360331.0,0.0
75368776.0,0.0
578152.0,0.0
57509499.0,0.0
45783100.0,0.0
75368816.0,0.0
75368818.0,0.0
26297667.0,0.0
71694446.0,0.0
75528873.0,0.0
21140476.0,0.0
75412138.0,0.0
75411996.0,0.0
5320768.0,0.0
14605551.0,0.0
443450.0,0.0
85366860.0,0.0
52951065.0,0.0
100215.0,0.0
45360074.0,0.0
45782808.0,0.0
5322173.0,0.0
56776260.0,0.0
625481.0,0.0
57509330.0,0.0
71694469.0,0.0
51136384.0,0.0
923439.0,0.0
102571607.0,0.0
5895365.0,0.0
75411932.0,0.0
75528938.0,0.0
45782965.0,0.0
45782833.0,0.0
45783018.0,0.0
45360163.0,0.0
51136457.0,0.0
24039356.0,0.0
65080.0,0.0
45783037.0,0.0
45783193.0,0.0
25791064.0,0.0
45782988.0,0.0
45783231.0,0.0
5319810.0,0.0
45360094.0,0.0
56776230.0,0.0
133053874.0,0.0
133053813.0,0.0
21630004.0,0.0
5321770.0,0.0
45360028.0,0.0
10962780.0,0.0
75411922.0,0.0
45360275.0,0.0
44715649.0,0.0
45360087.0,0.0
45360006.0,0.0
45360209.0,0.0
14037063.0,0.0
5373082.0,0.0
5281472.0,0.0
99474.0,0.0
6453057.0,0.0
25756094.0,0.0
10066965.0,0.0
44715466.0,0.0
45359549.0,0.0
23872112.0,0.0
44715791.0,0.0
26118117.0,0.0
75411914.0,0.0
51136293.0,0.0
91939764.0,0.0
51136273.0,0.0
51136294.0,0.0
101679622.0,0.0
38348556.0,0.0
45359270.0,0.0
38355669.0,0.0
45359517.0,0.0
102571645.0,0.0
45359193.0,0.0
97297295.0,0.0
45782852.0,0.0
102571663.0,0.0
102571673.0,0.0
135871572.0,0.0
136670898.0,0.0
100624167.0,0.0
102571679.0,0.0
9896819.0,0.0
100625136.0,0.0
115252.0,0.0
51136388.0,0.0
5280662.0,0.0
9825149.0,0.0
9877265.0,0.0
288216.0,0.0
667528.0,0.0
17751009.0,0.0
59603054.0,0.0
46931009.0,0.0
23625762.0,0.0
9796294.0,0.0
24848419.0,0.0
11646823.0,0.0
49867942.0,0.0
14982.0,0.0
15922990.0,0.0
6476564.0,0.0
16394480.0,0.0
53245639.0,0.0
133053838.0,0.0
6713919.0,0.0
135398516.0,0.0
24772860.0,0.0
6419993.0,0.0
44195571.0,0.0
25137942.0,0.0
46239015.0,0.0
196968.0,0.0
83969.0,0.0
11476171.0,0.0
6918537.0,0.0
66553154.0,0.0
135415867.0,0.0
91469.0,0.0
16118392.0,0.0
44191096.0,0.0
5312149.0,0.0
9913405.0,0.0
5480431.0,0.0
6971136.0,0.0
44224135.0,0.0
56846693.0,0.0
15981397.0,0.0
11502243.0,0.0
64692.0,0.0
57340686.0,0.0
71729977.0,0.0
6918462.0,0.0
23667630.0,0.0
11395250.0,0.0
5282592.0,0.0
4708.0,0.0
57748689.0,0.0
55185.0,0.0
135398748.0,0.0
56968072.0,0.0
71729967.0,0.0
66558287.0,0.0
60657.0,0.0
71729958.0,0.0
135564570.0,0.0
46893585.0,0.0
400169.0,0.0
10138980.0,0.0
11292191.0,0.0
72199292.0,0.0
57335384.0,0.0
53495165.0,0.0
71496742.0,0.0
57662985.0,0.0
10160238.0,0.0
59174488.0,0.0
72200024.0,0.0
46244454.0,0.0
59174579.0,0.0
59472121.0,0.0
53469059.0,0.0
11676373.0,0.0
44631912.0,0.0
588963.0,0.0
6538897.0,0.0
60182388.0,0.0
60780.0,0.0
135566652.0,0.0
46909588.0,0.0
6915837.0,0.0
25066238.0,0.0
11552706.0,0.0
69093374.0,0.0
23661638.0,0.0
9939609.0,0.0
5388993.0,0.0
25104564.0,0.0
2208391.0,0.0
7918451.0,0.0
56945245.0,0.0
58539171.0,0.0
77058641.0,0.0
166548.0,0.0
9876378.0,0.0
49792852.0,0.0
25110841.0,0.0
9853053.0,0.0
135424953.0,0.0
76328936.0,0.0
115107.0,0.0
54536287.0,0.0
46912230.0,0.0
25015677.0,0.0
5245.0,0.0
443385.0,0.0
94865123.0,0.0
46235922.0,0.0
6729.0,0.0
71729956.0,0.0
24721541.0,0.0
73211763.0,0.0
3107635.0,0.0
135398499.0,0.0
636411.0,0.0
44602526.0,0.0
71727581.0,0.0
86208070.0,0.0
10033072.0,0.0
54764565.0,0.0
51001299.0,0.0
57664406.0,0.0
78357765.0,0.0
54766013.0,0.0
23818608.0,0.0
44595079.0,0.0
71731823.0,0.0
3037557.0,0.0
86295191.0,0.0
86295192.0,0.0
6626226.0,0.0
24905401.0,0.0
25117126.0,0.0
53389629.0,0.0
25127713.0,0.0
25118925.0,0.0
24937012.0,0.0
56847486.0,0.0
46184986.0,0.0
66555680.0,0.0
54713659.0,0.0
2776.0,0.0
90241673.0,0.0
9868426.0,0.0
160883.0,0.0
91885499.0,0.0
128054.0,0.0
10323598.0,0.0
10718709.0,0.0
10624680.0,0.0
9909389.0,0.0
19808475.0,0.0
57375967.0,0.0
9863250.0,0.0
9890390.0,0.0
10780536.0,0.0
5287532.0,0.0
10226693.0,0.0
19261331.0,0.0
16104.0,0.0
9954899.0,0.0
10828627.0,0.0
99694964.0,0.0
9908378.0,0.0
9847317.0,0.0
9904242.0,0.0
656757.0,0.0
134342.0,0.0
115111.0,0.0
136096349.0,0.0
132421.0,0.0
219101.0,0.0
10200813.0,0.0
97301577.0,0.0
9862286.0,0.0
16747643.0,0.0
11462488.0,0.0
92178162.0,0.0
10382701.0,0.0
6918248.0,0.0
11256560.0,0.0
46228468.0,0.0
9818903.0,0.0
11751126.0,0.0
9796720.0,0.0
44397540.0,0.0
60167550.0,0.0
20136253.0,0.0
24939268.0,0.0
91826473.0,0.0
9795739.0,0.0
9820874.0,0.0
9867949.0,0.0
181428.0,0.0
9852175.0,0.0
16050925.0,0.0
6918637.0,0.0
656730.0,0.0
133053840.0,0.0
131987.0,0.0
9549184.0,0.0
25010776.0,0.0
9868368.0,0.0
16744283.0,0.0
16066664.0,0.0
9826744.0,0.0
11410354.0,0.0
44517590.0,0.0
6918651.0,0.0
3037766.0,0.0
3224090.0,0.0
24888604.0,0.0
53307604.0,0.0
5282340.0,0.0
11296495.0,0.0
16058752.0,0.0
24963047.0,0.0
644243.0,0.0
24830797.0,0.0
16046068.0,0.0
9917021.0,0.0
25243801.0,0.0
16007289.0,0.0
3038505.0,0.0
3081355.0,0.0
1139102.0,0.0
46203447.0,0.0
53358786.0,0.0
9804984.0,0.0
46206336.0,0.0
10340781.0,0.0
11406958.0,0.0
11291932.0,0.0
9981404.0,0.0
53252516.0,0.0
6433110.0,0.0
53297466.0,0.0
16003447.0,0.0
53355503.0,0.0
5311381.0,0.0
44516911.0,0.0
9845201.0,0.0
11210285.0,0.0
11387605.0,0.0
5327044.0,0.0
25182468.0,0.0
9885305.0,0.0
67324851.0,0.0
25199517.0,0.0
10090750.0,0.0
59004159.0,0.0
9826309.0,0.0
135536943.0,0.0
59448236.0,0.0
71306373.0,0.0
11676119.0,0.0
9805004.0,0.0
9811357.0,0.0
12001922.0,0.0
1341463.0,0.0
10430183.0,0.0
10362099.0,0.0
25065981.0,0.0
53354764.0,0.0
73777259.0,0.0
11667240.0,0.0
56846912.0,0.0
24812799.0,0.0
91826512.0,0.0
44968267.0,0.0
46203250.0,0.0
11705608.0,0.0
44593557.0,0.0
1334619.0,0.0
53464059.0,0.0
60210882.0,0.0
60167648.0,0.0
53239838.0,0.0
1251584.0,0.0
4443990.0,0.0
57391832.0,0.0
23723882.0,0.0
752812.0,0.0
4715615.0,0.0
56639562.0,0.0
56592910.0,0.0
49837912.0,0.0
53362052.0,0.0
53393835.0,0.0
44573131.0,0.0
53364533.0,0.0
135984461.0,0.0
53364485.0,0.0
56642816.0,0.0
56593054.0,0.0
46861530.0,0.0
49835877.0,0.0
53384864.0,0.0
701237.0,0.0
70679283.0,0.0
23723457.0,0.0
9550710.0,0.0
776924.0,0.0
65389180.0,0.0
53377439.0,0.0
2769229.0,0.0
1090779.0,0.0
16190867.0,0.0
1612038.0,0.0
3342390.0,0.0
5236771.0,0.0
53382546.0,0.0
49842897.0,0.0
1167615.0,0.0
50904134.0,0.0
7694069.0,0.0
25105704.0,0.0
56639529.0,0.0
2557019.0,0.0
49800087.0,0.0
70789094.0,0.0
53301904.0,0.0
70680248.0,0.0
46785920.0,0.0
54752951.0,0.0
46172919.0,0.0
16193817.0,0.0
42288156.0,0.0
45115620.0,0.0
46897844.0,0.0
44246498.0,0.0
53338799.0,0.0
1434953.0,0.0
23612552.0,0.0
60202221.0,0.0
45100431.0,0.0
53364507.0,0.0
26873419.0,0.0
53382523.0,0.0
4727493.0,0.0
60156214.0,0.0
57525036.0,0.0
56840728.0,0.0
9846928.0,0.0
16119086.0,0.0
42548.0,0.0
56964907.0,0.0
9934283.0,0.0
15980598.0,0.0
25203958.0,0.0
44203948.0,0.0
46866705.0,0.0
49839561.0,0.0
51001932.0,0.0
53354074.0,0.0
72737552.0,0.0
3298213.0,0.0
44396853.0,0.0
9841596.0,0.0
11624601.0,0.0
9842609.0,0.0
23661637.0,0.0
18003010.0,0.0
10296561.0,0.0
9815610.0,0.0
127928.0,0.0
11805896.0,0.0
17754557.0,0.0
10377927.0,0.0
9837640.0,0.0
6918513.0,0.0
50925411.0,0.0
90488922.0,0.0
10149311.0,0.0
57330099.0,0.0
71983.0,0.0
25175634.0,0.0
24776341.0,0.0
2810830.0,0.0
44540282.0,0.0
11517212.0,0.0
70690453.0,0.0
49841251.0,0.0
15134.0,0.0
25060093.0,0.0
9803375.0,0.0
44462786.0,0.0
91691116.0,0.0
54683103.0,0.0
56929801.0,0.0
44631827.0,0.0
6918403.0,0.0
136189563.0,0.0
11245287.0,0.0
9887834.0,0.0
5310969.0,0.0
164509.0,0.0
11853799.0,0.0
9882189.0,0.0
52936725.0,0.0
2802462.0,0.0
78243715.0,0.0
16040067.0,0.0
11998180.0,0.0
82017756.0,0.0
90489020.0,0.0
2732040.0,0.0
57749996.0,0.0
2155264.0,0.0
11414799.0,0.0
743974.0,0.0
11609157.0,0.0
9438169.0,0.0
12444444.0,0.0
46355372.0,0.0
71681561.0,0.0
6433109.0,0.0
2895500.0,0.0
66553218.0,0.0
9910975.0,0.0
91691129.0,0.0
91691130.0,0.0
91663282.0,0.0
117072548.0,0.0
2155389.0,0.0
24786010.0,0.0
6918627.0,0.0
46835756.0,0.0
9892815.0,0.0
25071151.0,0.0
54760053.0,0.0
57523919.0,0.0
66555902.0,0.0
25195352.0,0.0
11703589.0,0.0
24857242.0,0.0
24784416.0,0.0
10138988.0,0.0
71618700.0,0.0
67376285.0,0.0
9800113.0,0.0
16066663.0,0.0
40924317.0,0.0
59620153.0,0.0
66549796.0,0.0
53357478.0,0.0
135883253.0,0.0
91826088.0,0.0
1486608.0,0.0
78871801.0,0.0
1096292.0,0.0
69894253.0,0.0
6490494.0,0.0
1913406.0,0.0
66575373.0,0.0
44552413.0,0.0
10070301.0,0.0
11521919.0,0.0
135433657.0,0.0
44592366.0,0.0
9797919.0,0.0
4047161.0,0.0
5311122.0,0.0
5289110.0,0.0
6419766.0,0.0
656969.0,0.0
5330814.0,0.0
11772958.0,0.0
46215122.0,0.0
44233391.0,0.0
24936050.0,0.0
56947516.0,0.0
71496460.0,0.0
11577250.0,0.0
71080313.0,0.0
22225683.0,0.0
11654566.0,0.0
57325421.0,0.0
78158242.0,0.0
73292903.0,0.0
16048554.0,0.0
3143.0,0.0
74078320.0,0.0
66694608.0,0.0
11960528.0,0.0
57355660.0,0.0
11676349.0,0.0
67468030.0,0.0
75151153.0,0.0
70983934.0,0.0
44555147.0,0.0
16048642.0,0.0
52934829.0,0.0
17754772.0,0.0
58008990.0,0.0
25113054.0,0.0
46190695.0,0.0
135539077.0,0.0
11404337.0,0.0
57459022.0,0.0
136339367.0,0.0
16126651.0,0.0
90461900.0,0.0
135565635.0,0.0
76022323.0,0.0
16224745.0,0.0
75605138.0,0.0
9886917.0,0.0
11591420.0,0.0
16123056.0,0.0
19704956.0,0.0
67409219.0,0.0
66571643.0,0.0
46843057.0,0.0
5029.0,0.0
71660501.0,0.0
64958.0,0.0
2837695.0,0.0
11515763.0,0.0
5458383.0,0.0
439693.0,0.0
71158523.0,0.0
91810435.0,0.0
6101829.0,0.0
16226182.0,0.0
101043078.0,0.0
3693.0,0.0
22879197.0,0.0
57475760.0,0.0
18319735.0,0.0
15981080.0,0.0
4619.0,0.0
56664471.0,0.0
22743624.0,0.0
66720910.0,0.0
67081200.0,0.0
6367079.0,0.0
15645963.0,0.0
57389748.0,0.0
135564570.0,0.0
5495820.0,0.0
75110012.0,0.0
6093437.0,0.0
18969086.0,0.0
71548617.0,0.0
22345245.0,0.0
6433117.0,0.0
5486.0,0.0
6101856.0,0.0
57977657.0,0.0
135423438.0,0.0
135450461.0,0.0
74333653.0,0.0
21910730.0,0.0
50941212.0,0.0
22508903.0,0.0
10092400.0,0.0
46199801.0,0.0
16041610.0,0.0
44200436.0,0.0
20741453.0,0.0
67065878.0,0.0
57731899.0,0.0
56675648.0,0.0
46861588.0,0.0
5393.0,0.0
5005.0,0.0
16665853.0,0.0
2751.0,0.0
11163584.0,0.0
57505028.0,0.0
9885319.0,0.0
52934274.0,0.0
11360300.0,0.0
57990770.0,0.0
148193.0,0.0
46926360.0,0.0
136063437.0,0.0
3154410.0,0.0
4259.0,0.0
11655699.0,0.0
56644302.0,0.0
66646528.0,0.0
3602027.0,0.0
57404073.0,0.0
9891967.0,0.0
3036703.0,0.0
208910.0,0.0
71714933.0,0.0
4367562.0,0.0
9818231.0,0.0
73602827.0,0.0
78357766.0,0.0
49830590.0,0.0
91989794.0,0.0
69621061.0,0.0
9802545.0,0.0
57430866.0,0.0
74832860.0,0.0
46876249.0,0.0
71460547.0,0.0
75163532.0,0.0
25127414.0,0.0
22570509.0,0.0
11351859.0,0.0
21062558.0,0.0
10115684.0,0.0
25262967.0,0.0
6450817.0,0.0
21874004.0,0.0
49849451.0,0.0
9851652.0,0.0
9852353.0,0.0
11722448.0,0.0
11578515.0,0.0
10364098.0,0.0
10098508.0,0.0
11237609.0,0.0
60154901.0,0.0
42602260.0,0.0
57882748.0,0.0
57472063.0,0.0
22274119.0,0.0
75632113.0,0.0
11451527.0,0.0
354624.0,0.0
46832110.0,0.0
4701.0,0.0
135398745.0,0.0
77147233.0,0.0
1011240.0,0.0
6604191.0,0.0
51371330.0,0.0
9794844.0,0.0
64393976.0,0.0
487101.0,0.0
60919.0,0.0
74891360.0,0.0
59693.0,0.0
44626619.0,0.0
135565082.0,0.0
135413538.0,0.0
122335.0,0.0
46853447.0,0.0
40113.0,0.0
58124325.0,0.0
46241268.0,0.0
135564632.0,0.0
135409468.0,0.0
21336308.0,0.0
67204142.0,0.0
78161639.0,0.0
66890843.0,0.0
9829015.0,0.0
46926609.0,0.0
20880974.0,0.0
20862352.0,0.0
115127.0,0.0
49871817.0,0.0
409823.0,0.0
124202167.0,0.0
17528991.0,0.0
9549304.0,0.0
16110753.0,0.0
54674134.0,0.0
6398883.0,0.0
3634442.0,0.0
20937276.0,0.0
712934.0,0.0
976980.0,0.0
6445226.0,0.0
44556162.0,0.0
53240420.0,0.0
24797387.0,0.0
42628503.0,0.0
25235170.0,0.0
72949858.0,0.0
24956525.0,0.0
6451149.0,0.0
53302361.0,0.0
11192346.0,0.0
25134625.0,0.0
56655374.0,0.0
16063245.0,0.0
67960134.0,0.0
71712226.0,0.0
73388374.0,0.0
24884503.0,0.0
9870652.0,0.0
24882686.0,0.0
9935681.0,0.0
89696514.0,0.0
10458325.0,0.0
44252884.0,0.0
14479846.0,0.0
57826797.0,0.0
78357871.0,0.0
73425588.0,0.0
9912743.0,0.0
204108.0,0.0
448201.0,0.0
51049969.0,0.0
92044410.0,0.0
70678916.0,0.0
78357764.0,0.0
90462972.0,0.0
11517980.0,0.0
78358313.0,0.0
66561902.0,0.0
71588800.0,0.0
60076305.0,0.0
9889366.0,0.0
46700756.0,0.0
71558939.0,0.0
73442743.0,0.0
6918485.0,0.0
49836057.0,0.0
135454904.0,0.0
60076300.0,0.0
51042438.0,0.0
46848915.0,0.0
73427118.0,0.0
10071196.0,0.0
71278663.0,0.0
66553195.0,0.0
91754554.0,0.0
86279948.0,0.0
10598093.0,0.0
10092649.0,0.0
73425805.0,0.0
78357816.0,0.0
9800961.0,0.0
9865554.0,0.0
10110536.0,0.0
5279270.0,0.0
71604304.0,0.0
489181.0,0.0
9862937.0,0.0
44631938.0,0.0
11438771.0,0.0
656665.0,0.0
44251605.0,0.0
72706840.0,0.0
15604510.0,0.0
44404825.0,0.0
135398739.0,0.0
10081842.0,0.0
712398.0,0.0
66563653.0,0.0
90407809.0,0.0
74766595.0,0.0
24750357.0,0.0
24790866.0,0.0
44463491.0,0.0
91885485.0,0.0
772999.0,0.0
52912652.0,0.0
25110470.0,0.0
59548652.0,0.0
68801.0,0.0
739510.0,0.0
16451230.0,0.0
25186688.0,0.0
91895230.0,0.0
2911546.0,0.0
18191179.0,0.0
590142.0,0.0
91885413.0,0.0
91895232.0,0.0
9796943.0,0.0
57391102.0,0.0
119194.0,0.0
25045015.0,0.0
136267814.0,0.0
46175113.0,0.0
11959372.0,0.0
91885443.0,0.0
1045147.0,0.0
91668531.0,0.0
71306441.0,0.0
78673861.0,0.0
136226476.0,0.0
5328201.0,0.0
25060069.0,0.0
6619100.0,0.0
11337104.0,0.0
4144828.0,0.0
91885439.0,0.0
59422203.0,0.0
1072048.0,0.0
11704101.0,0.0
66552711.0,0.0
22330351.0,0.0
91885415.0,0.0
10295883.0,0.0
135564890.0,0.0
91885403.0,0.0
11466357.0,0.0
68212798.0,0.0
91885502.0,0.0
16050824.0,0.0
91885506.0,0.0
114840.0,0.0
91885503.0,0.0
9906198.0,0.0
56927660.0,0.0
58118983.0,0.0
72201050.0,0.0
53364540.0,0.0
132337.0,0.0
91885400.0,0.0
91885437.0,0.0
204104.0,0.0
179340.0,0.0
727584.0,0.0
15477807.0,0.0
16828.0,0.0
32049.0,0.0
9345.0,0.0
1202545.0,0.0
135506615.0,0.0
14208378.0,0.0
3641059.0,0.0
1158635.0,0.0
10173280.0,0.0
2768133.0,0.0
100812.0,0.0
55191.0,0.0
25226380.0,0.0
11618268.0,0.0
11548000.0,0.0
5049161.0,0.0
6622273.0,0.0
133053891.0,0.0
10369242.0,0.0
133053816.0,0.0
9561611.0,0.0
133053821.0,0.0
133053810.0,0.0
135564890.0,0.0
68289010.0,0.0
67501411.0,0.0
71657455.0,0.0
40642506.0,0.0
71226662.0,0.0
71245288.0,0.0
25214468.0,0.0
89683805.0,0.0
56965342.0,0.0
71543365.0,0.0
4904109.0,0.0
71493320.0,0.0
91864701.0,0.0
68944900.0,0.0
73051434.0,0.0
131601.0,0.0
133053835.0,0.0
133053809.0,0.0
133053875.0,0.0
135567102.0,0.0
49803313.0,0.0
68947304.0,0.0
119081409.0,0.0
129606887.0,0.0
11476460.0,0.0
72734351.0,0.0
91827373.0,0.0
121237856.0,0.0
119081417.0,0.0
46245047.0,0.0
57389999.0,0.0
117072552.0,0.0
90116675.0,0.0
78209992.0,0.0
44181686.0,0.0
68165256.0,0.0
25181472.0,0.0
25212148.0,0.0
92045079.0,0.0
6475.0,0.0
252372.0,0.0
10474479.0,0.0
500902.0,0.0
11960271.0,0.0
44603362.0,0.0
15953802.0,0.0
91825767.0,0.0
25141092.0,0.0
71499384.0,0.0
53428670.0,0.0
56639723.0,0.0
112499966.0,0.0
9819086.0,0.0
76685059.0,0.0
71089297.0,0.0
25128145.0,0.0
67171867.0,0.0
56962369.0,0.0
153948.0,0.0
10419027.0,0.0
49871766.0,0.0
117779453.0,0.0
56848893.0,0.0
44513473.0,0.0
67448186.0,0.0
135418940.0,0.0
25093485.0,0.0
6432113.0,0.0
65166.0,0.0
3036222.0,0.0
133053837.0,0.0
16219077.0,0.0
1963.0,0.0
1125790.0,0.0
90644511.0,0.0
25070582.0,0.0
102008.0,0.0
16219099.0,0.0
133053876.0,0.0
14102246.0,0.0
11279905.0,0.0
5880.0,0.0
6466029.0,0.0
133053812.0,0.0
119146.0,0.0
72710568.0,0.0
156850.0,0.0
443080.0,0.0
466151.0,0.0
71766156.0,0.0
2894.0,0.0
1087337.0,0.0
22868923.0,0.0
71311961.0,0.0
133053870.0,0.0
16219510.0,0.0
44599828.0,0.0
13069290.0,0.0
879520.0,0.0
6918612.0,0.0
133053889.0,0.0
16451152.0,0.0
90661885.0,0.0
2223246.0,0.0
133053854.0,0.0
55278534.0,0.0
94141.0,0.0
11954142.0,0.0
6158261.0,0.0
44144320.0,0.0
40473193.0,0.0
6603824.0,0.0
5484725.0,0.0
73440.0,0.0
27271164.0,0.0
254633.0,0.0
91767.0,0.0
7098683.0,0.0
13767341.0,0.0
9960164.0,0.0
3080928.0,0.0
16219388.0,0.0
71311855.0,0.0
2815031.0,0.0
9872389.0,0.0
136793421.0,0.0
135413518.0,0.0
9929984.0,0.0
56972151.0,0.0
54695722.0,0.0
5303.0,0.0
7059571.0,0.0
5284645.0,0.0
86310669.0,0.0
115234.0,0.0
656804.0,0.0
3000226.0,0.0
44575473.0,0.0
53392493.0,0.0
4555562.0,0.0
21579153.0,0.0
13477.0,0.0
2891534.0,0.0
3531157.0,0.0
261506.0,0.0
323587.0,0.0
133053814.0,0.0
25074887.0,0.0
23056.0,0.0
11536903.0,0.0
135398569.0,0.0
10344703.0,0.0
25077054.0,0.0
135398654.0,0.0
40473222.0,0.0
63224.0,0.0
122281.0,0.0
25108580.0,0.0
9864387.0,0.0
5146821.0,0.0
4487906.0,0.0
135402012.0,0.0
9896164.0,0.0
135771859.0,0.0
71311927.0,0.0
6436660.0,0.0
51031064.0,0.0
97944754.0,0.0
11755771.0,0.0
25108578.0,0.0
135742144.0,0.0
1273944.0,0.0
71792.0,0.0
17978512.0,0.0
72735798.0,0.0
70682037.0,0.0
46181428.0,0.0
54708673.0,0.0
213056.0,0.0
172997.0,0.0
24768019.0,0.0
133053860.0,0.0
14328920.0,0.0
66660347.0,0.0
73265291.0,0.0
17648.0,0.0
5284637.0,0.0
151170.0,0.0
71457439.0,0.0
65541.0,0.0
21319.0,0.0
96851.0,0.0
9868551.0,0.0
74222427.0,0.0
16681432.0,0.0
22501448.0,0.0
9948320.0,0.0
133053887.0,0.0
11658655.0,0.0
25061501.0,0.0
11656753.0,0.0
52919826.0,0.0
44200882.0,0.0
92044393.0,0.0
16136912.0,0.0
10407120.0,0.0
11644726.0,0.0
11848206.0,0.0
71515460.0,0.0
78357763.0,0.0
69472592.0,0.0
57519748.0,0.0
137247192.0,0.0
11591540.0,0.0
193392.0,0.0
16219061.0,0.0
14444813.0,0.0
10452268.0,0.0
16219485.0,0.0
9958472.0,0.0
6858240.0,0.0
10032582.0,0.0
9846431.0,0.0
3536.0,0.0
9987061.0,0.0
914268.0,0.0
9893640.0,0.0
12134544.0,0.0
6857802.0,0.0
14539800.0,0.0
444587.0,0.0
5486190.0,0.0
99652260.0,0.0
9874174.0,0.0
98239876.0,0.0
133053841.0,0.0
133053844.0,0.0
133053823.0,0.0
59547942.0,0.0
11242315.0,0.0
25185460.0,0.0
2740668.0,0.0
23641781.0,0.0
10445549.0,0.0
135409409.0,0.0
99514.0,0.0
10471217.0,0.0
72706115.0,0.0
44201003.0,0.0
9568628.0,0.0
56682080.0,0.0
25195461.0,0.0
16663089.0,0.0
145900.0,0.0
90369695.0,0.0
16070041.0,0.0
59317173.0,0.0
59317190.0,0.0
34755.0,0.0
46945384.0,0.0
78357817.0,0.0
259803.0,0.0
259991.0,0.0
46908929.0,0.0
73946339.0,0.0
12305198.0,0.0
23652732.0,0.0
4572774.0,0.0
92042827.0,0.0
73950788.0,0.0
16088038.0,0.0
12302120.0,0.0
24767976.0,0.0
135398561.0,0.0
71296079.0,0.0
71721525.0,0.0
11578610.0,0.0
69085357.0,0.0
9869737.0,0.0
24781184.0,0.0
10389261.0,0.0
10458621.0,0.0
57345754.0,0.0
51038893.0,0.0
70945511.0,0.0
11226684.0,0.0
92044382.0,0.0
11250029.0,0.0
133053897.0,0.0
133053896.0,0.0
10461508.0,0.0
21599928.0,0.0
72199289.0,0.0
92044471.0,0.0
108222.0,0.0
71569947.0,0.0
13342.0,0.0
60148697.0,0.0
92043086.0,0.0
92044413.0,0.0
6917976.0,0.0
12912363.0,0.0
12855889.0,0.0
657181.0,0.0
9855027.0,0.0
131954664.0,0.0
14037387.0,0.0
66577048.0,0.0
122705990.0,0.0
137125241.0,0.0
5745214.0,0.0
118191391.0,0.0
122707126.0,0.0
71661259.0,0.0
74222277.0,0.0
71748268.0,0.0
442105.0,0.0
134827954.0,0.0
134828002.0,0.0
71496864.0,0.0
66575255.0,0.0
11819072.0,0.0
10361396.0,0.0
3037629.0,0.0
5280953.0,0.0
259846.0,0.0
8969.0,0.0
102441804.0,0.0
11503.0,0.0
44301524.0,0.0
259846.0,0.0
12041884.0,0.0
1826.0,0.0
134827995.0,0.0
10341730.0,0.0
13875212.0,0.0
122225045.0,0.0
441071.0,0.0
102583722.0,0.0
3034396.0,0.0
3564.0,0.0
445858.0,0.0
134828034.0,0.0
6088.0,0.0
134828029.0,0.0
9727.0,0.0
13892299.0,0.0
57387219.0,0.0
107838.0,0.0
102441801.0,0.0
903.0,0.0
6708527.0,0.0
21669395.0,0.0
1001.0,0.0
6473881.0,0.0
10754094.0,0.0
134828013.0,0.0
134828019.0,0.0
134827959.0,0.0
11169934.0,0.0
134827992.0,0.0
896.0,0.0
18388290.0,0.0
1150.0,0.0
157672.0,0.0
15345662.0,0.0
134827951.0,0.0
134827980.0,0.0
4581.0,0.0
5311281.0,0.0
4873040.0,0.0
101277362.0,0.0
134827949.0,0.0
134827978.0,0.0
6890.0,0.0
427849.0,0.0
134827977.0,0.0
906326.0,0.0
11071046.0,0.0
5202.0,0.0
44563520.0,0.0
44543722.0,0.0
134827997.0,0.0
44543742.0,0.0
6455371.0,0.0
10314057.0,0.0
44543739.0,0.0
24854349.0,0.0
1833.0,0.0
102441805.0,0.0
134827952.0,0.0
134827961.0,0.0
134827988.0,0.0
44543727.0,0.0
802.0,0.0
134827979.0,0.0
245940.0,0.0
11973183.0,0.0
5610.0,0.0
14528824.0,0.0
25058830.0,0.0
22297666.0,0.0
114949.0,0.0
234817.0,0.0
134828006.0,0.0
122179200.0,0.0
73441592.0,0.0
134827955.0,0.0
655278.0,0.0
